Gene	GC%	GC1%	GC2%	GC3%	GC3s%
lcl|NC_014649.1_cds_YP_003986475.1_1	28.39	37.81	25.25	22.11	0.00
lcl|NC_014649.1_cds_YP_003986476.1_2	27.26	36.03	25.91	19.84	0.00
lcl|NC_014649.1_cds_YP_003986477.1_3	26.04	36.88	22.19	19.04	0.00
lcl|NC_014649.1_cds_YP_003986478.1_4	30.33	39.56	32.09	19.34	0.00
lcl|NC_014649.1_cds_YP_003986479.1_5	27.34	40.26	24.03	17.75	0.00
lcl|NC_014649.1_cds_YP_003986480.1_6	24.51	31.96	25.11	16.44	0.00
lcl|NC_014649.1_cds_YP_003986481.1_7	27.56	28.85	31.41	22.44	0.00
lcl|NC_014649.1_cds_YP_003986482.1_8	27.86	36.39	24.61	22.59	0.00
lcl|NC_014649.1_cds_YP_003986483.1_9	26.61	35.28	24.40	20.16	0.00
lcl|NC_014649.1_cds_YP_003986484.1_10	27.94	34.22	25.99	23.61	0.00
lcl|NC_014649.1_cds_YP_003986485.1_11	31.01	34.88	23.26	34.88	0.00
lcl|NC_014649.1_cds_YP_003986486.1_12	27.75	36.48	23.61	23.18	0.00
lcl|NC_014649.1_cds_YP_003986487.1_13	34.51	47.06	36.47	20.00	0.00
lcl|NC_014649.1_cds_YP_003986488.1_14	26.09	36.48	24.18	17.62	0.00
lcl|NC_014649.1_cds_YP_003986489.1_15	21.74	28.26	20.11	16.85	0.00
lcl|NC_014649.1_cds_YP_003986490.1_16	29.63	31.11	31.11	26.67	0.00
lcl|NC_014649.1_cds_YP_003986491.1_17	43.30	45.30	35.04	49.57	0.00
lcl|NC_014649.1_cds_YP_003986492.1_18	39.49	40.22	47.83	30.43	0.00
lcl|NC_014649.1_cds_YP_003986493.1_19	24.44	34.81	19.26	19.26	0.00
lcl|NC_014649.1_cds_YP_003986494.1_20	24.84	36.41	22.69	15.41	0.00
lcl|NC_014649.1_cds_YP_003986495.1_21	25.58	36.24	23.42	17.09	0.00
lcl|NC_014649.1_cds_YP_003986496.1_22	25.54	35.48	23.39	17.74	0.00
lcl|NC_014649.1_cds_YP_003986497.1_23	32.77	26.89	26.05	45.38	0.00
lcl|NC_014649.1_cds_YP_003986498.1_24	26.28	33.90	23.41	21.54	0.00
lcl|NC_014649.1_cds_YP_003986499.1_25	34.42	58.54	30.08	14.63	0.00
lcl|NC_014649.1_cds_YP_003986500.1_26	30.99	47.41	31.85	13.70	0.00
lcl|NC_014649.1_cds_YP_003986501.1_27	29.07	34.88	29.65	22.67	0.00
lcl|NC_014649.1_cds_YP_003986502.1_28	30.78	49.85	28.75	13.76	0.00
lcl|NC_014649.1_cds_YP_003986503.1_29	27.94	38.10	26.67	19.05	0.00
lcl|NC_014649.1_cds_YP_003986504.1_30	29.02	36.05	25.17	25.85	0.00
lcl|NC_014649.1_cds_YP_003986505.1_31	27.30	40.00	22.86	19.05	0.00
lcl|NC_014649.1_cds_YP_003986506.1_32	33.33	35.78	43.12	21.10	0.00
lcl|NC_014649.1_cds_YP_003986507.1_33	30.72	38.56	29.41	24.18	0.00
lcl|NC_014649.1_cds_YP_003986508.1_34	21.98	33.19	17.26	15.49	0.00
lcl|NC_014649.1_cds_YP_003986509.1_35	26.99	34.32	30.29	16.35	0.00
lcl|NC_014649.1_cds_YP_003986510.1_36	26.32	30.77	27.94	20.24	0.00
lcl|NC_014649.1_cds_YP_003986511.1_37	26.09	30.43	24.64	23.19	0.00
lcl|NC_014649.1_cds_YP_003986512.1_38	33.78	37.84	47.30	16.22	0.00
lcl|NC_014649.1_cds_YP_003986513.1_39	24.39	31.46	21.22	20.49	0.00
lcl|NC_014649.1_cds_YP_003986514.1_40	28.24	36.47	23.53	24.71	0.00
lcl|NC_014649.1_cds_YP_003986515.1_41	24.36	34.01	20.85	18.22	0.00
lcl|NC_014649.1_cds_YP_003986516.1_42	28.85	39.91	29.15	17.49	0.00
lcl|NC_014649.1_cds_YP_003986517.1_43	28.69	36.48	30.33	19.26	0.00
lcl|NC_014649.1_cds_YP_003986518.1_44	22.42	21.82	16.36	29.09	0.00
lcl|NC_014649.1_cds_YP_003986519.1_45	20.88	27.37	22.63	12.63	0.00
lcl|NC_014649.1_cds_YP_003986520.1_46	33.67	48.98	31.63	20.41	0.00
lcl|NC_014649.1_cds_YP_003986521.1_47	39.05	50.86	28.00	38.29	0.00
lcl|NC_014649.1_cds_YP_003986522.1_48	27.12	33.33	27.45	20.59	0.00
lcl|NC_014649.1_cds_YP_003986523.1_49	22.83	26.09	25.00	17.39	0.00
lcl|NC_014649.1_cds_YP_003986524.1_50	30.51	37.29	25.42	28.81	0.00
lcl|NC_014649.1_cds_YP_003986525.1_51	33.40	42.17	35.49	22.55	0.00
lcl|NC_014649.1_cds_YP_003986526.1_52	28.31	38.55	25.42	20.95	0.00
lcl|NC_014649.1_cds_YP_003986527.1_53	27.56	30.77	26.92	25.00	0.00
lcl|NC_014649.1_cds_YP_003986528.1_54	24.10	35.21	22.54	14.55	0.00
lcl|NC_014649.1_cds_YP_003986529.1_55	25.15	33.33	20.83	21.30	0.00
lcl|NC_014649.1_cds_YP_003986530.1_56	27.49	40.35	24.12	17.98	0.00
lcl|NC_014649.1_cds_YP_003986531.1_57	43.84	44.24	36.97	50.30	0.00
lcl|NC_014649.1_cds_YP_003986532.1_58	27.39	34.65	32.18	15.35	0.00
lcl|NC_014649.1_cds_YP_003986533.1_59	50.31	50.94	34.91	65.09	0.00
lcl|NC_014649.1_cds_YP_003986534.1_60	27.82	35.54	24.79	23.14	0.00
lcl|NC_014649.1_cds_YP_003986535.1_61	25.13	36.36	20.86	18.18	0.00
lcl|NC_014649.1_cds_YP_003986536.1_62	28.65	37.72	24.56	23.68	0.00
lcl|NC_014649.1_cds_YP_003986537.1_63	41.04	40.00	29.38	53.75	0.00
lcl|NC_014649.1_cds_YP_003986538.1_64	24.11	26.95	26.24	19.15	0.00
lcl|NC_014649.1_cds_YP_003986539.1_65	31.35	32.67	52.48	8.91	0.00
lcl|NC_014649.1_cds_YP_003986540.1_66	28.42	38.25	30.60	16.39	0.00
lcl|NC_014649.1_cds_YP_003986541.1_67	25.42	35.41	23.15	17.70	0.00
lcl|NC_014649.1_cds_YP_003986542.1_68	28.87	39.50	25.12	21.98	0.00
lcl|NC_014649.1_cds_YP_003986543.1_69	28.05	30.60	30.60	22.95	0.00
lcl|NC_014649.1_cds_YP_003986544.1_70	22.22	31.06	14.39	21.21	0.00
lcl|NC_014649.1_cds_YP_003986545.1_71	31.93	43.18	31.17	21.43	0.00
lcl|NC_014649.1_cds_YP_003986546.1_72	28.08	39.71	29.74	14.79	0.00
lcl|NC_014649.1_cds_YP_003986547.1_73	25.35	29.38	28.37	18.31	0.00
lcl|NC_014649.1_cds_YP_003986548.1_74	34.29	34.29	45.71	22.86	0.00
lcl|NC_014649.1_cds_YP_003986549.1_75	31.75	33.33	30.95	30.95	0.00
lcl|NC_014649.1_cds_YP_003986550.1_76	32.28	42.86	25.40	28.57	0.00
lcl|NC_014649.1_cds_YP_003986551.1_77	30.57	45.06	31.62	15.02	0.00
lcl|NC_014649.1_cds_YP_003986552.1_78	32.04	46.59	30.20	19.34	0.00
lcl|NC_014649.1_cds_YP_003986553.1_79	26.86	35.69	26.33	18.55	0.00
lcl|NC_014649.1_cds_YP_003986554.1_80	34.08	41.85	44.38	16.01	0.00
lcl|NC_014649.1_cds_YP_003986555.1_81	23.53	31.89	21.36	17.34	0.00
lcl|NC_014649.1_cds_YP_003986556.1_82	25.43	29.90	26.80	19.59	0.00
lcl|NC_014649.1_cds_YP_003986557.1_83	24.58	28.66	23.45	21.64	0.00
lcl|NC_014649.1_cds_YP_003986558.1_84	27.00	31.40	28.93	20.66	0.00
lcl|NC_014649.1_cds_YP_003986559.1_85	26.30	33.55	26.52	18.85	0.00
lcl|NC_014649.1_cds_YP_003986560.1_86	41.40	63.53	42.60	18.08	0.00
lcl|NC_014649.1_cds_YP_003986561.1_87	25.45	30.91	25.71	19.74	0.00
lcl|NC_014649.1_cds_YP_003986562.1_88	25.32	28.33	22.75	24.89	0.00
lcl|NC_014649.1_cds_YP_003986563.1_89	27.75	34.73	29.29	19.25	0.00
lcl|NC_014649.1_cds_YP_003986564.1_90	27.40	34.25	27.40	20.55	0.00
lcl|NC_014649.1_cds_YP_003986565.1_91	22.51	28.62	19.61	19.29	0.00
lcl|NC_014649.1_cds_YP_003986566.1_92	24.28	28.08	24.64	20.11	0.00
lcl|NC_014649.1_cds_YP_003986567.1_93	30.45	42.39	25.51	23.46	0.00
lcl|NC_014649.1_cds_YP_003986568.1_94	43.94	51.14	50.00	30.68	0.00
lcl|NC_014649.1_cds_YP_003986569.1_95	25.96	34.62	22.12	21.15	0.00
lcl|NC_014649.1_cds_YP_003986570.1_96	25.00	30.00	23.00	22.00	0.00
lcl|NC_014649.1_cds_YP_003986571.1_97	31.03	33.78	32.82	26.49	0.00
lcl|NC_014649.1_cds_YP_003986572.1_98	32.29	39.79	30.37	26.70	0.00
lcl|NC_014649.1_cds_YP_003986574.1_99	44.51	47.25	35.16	51.10	0.00
lcl|NC_014649.1_cds_YP_003986575.1_100	31.09	32.84	35.07	25.37	0.00
lcl|NC_014649.1_cds_YP_003986576.1_101	29.52	34.29	25.71	28.57	0.00
lcl|NC_014649.1_cds_YP_003986577.1_102	29.57	38.35	32.33	18.05	0.00
lcl|NC_014649.1_cds_YP_003986578.1_103	24.84	30.24	25.00	19.29	0.00
lcl|NC_014649.1_cds_YP_003986579.1_104	25.82	31.20	26.86	19.41	0.00
lcl|NC_014649.1_cds_YP_003986580.1_105	30.62	36.63	31.40	23.84	0.00
lcl|NC_014649.1_cds_YP_003986581.1_106	28.07	35.34	30.11	18.75	0.00
lcl|NC_014649.1_cds_YP_003986582.1_107	26.71	33.80	25.25	21.07	0.00
lcl|NC_014649.1_cds_YP_003986583.1_108	26.84	36.08	27.19	17.25	0.00
lcl|NC_014649.1_cds_YP_003986584.1_109	27.83	33.45	31.85	18.20	0.00
lcl|NC_014649.1_cds_YP_003986585.1_110	35.23	48.86	34.66	22.16	0.00
lcl|NC_014649.1_cds_YP_003986586.1_111	27.53	35.04	25.89	21.65	0.00
lcl|NC_014649.1_cds_YP_003986587.1_112	29.88	34.64	36.79	18.21	0.00
lcl|NC_014649.1_cds_YP_003986588.1_113	25.94	32.46	27.42	17.94	0.00
lcl|NC_014649.1_cds_YP_004021044.1_114	27.03	24.32	27.03	29.73	0.00
lcl|NC_014649.1_cds_YP_003986589.1_115	29.13	41.98	28.24	17.18	0.00
lcl|NC_014649.1_cds_YP_003986590.1_116	30.62	42.12	29.19	20.56	0.00
lcl|NC_014649.1_cds_YP_003986591.1_117	30.82	37.10	31.30	24.06	0.00
lcl|NC_014649.1_cds_YP_003986592.1_118	24.37	34.03	23.11	15.97	0.00
lcl|NC_014649.1_cds_YP_003986593.1_119	30.21	41.67	25.52	23.44	0.00
lcl|NC_014649.1_cds_YP_003986594.1_120	29.91	36.08	26.37	27.29	0.00
lcl|NC_014649.1_cds_YP_003986595.1_121	27.41	31.11	23.70	27.41	0.00
lcl|NC_014649.1_cds_YP_003986596.1_122	28.36	36.49	29.62	18.96	0.00
lcl|NC_014649.1_cds_YP_003986597.1_123	26.49	32.27	27.89	19.32	0.00
lcl|NC_014649.1_cds_YP_003986598.1_124	24.45	24.09	25.18	24.09	0.00
lcl|NC_014649.1_cds_YP_003986599.1_125	24.98	31.14	23.80	20.00	0.00
lcl|NC_014649.1_cds_YP_003986600.1_126	26.07	39.10	24.36	14.74	0.00
lcl|NC_014649.1_cds_YP_003986601.1_127	32.71	43.73	34.40	20.00	0.00
lcl|NC_014649.1_cds_YP_003986602.1_128	28.24	36.24	28.60	19.87	0.00
lcl|NC_014649.1_cds_YP_003986603.1_129	22.83	29.89	20.65	17.93	0.00
lcl|NC_014649.1_cds_YP_003986604.1_130	48.03	49.74	38.97	55.38	0.00
lcl|NC_014649.1_cds_YP_003986605.1_131	35.78	39.71	48.53	19.12	0.00
lcl|NC_014649.1_cds_YP_003986606.1_132	29.43	37.61	31.36	19.33	0.00
lcl|NC_014649.1_cds_YP_003986607.1_133	37.53	47.34	42.02	23.23	0.00
lcl|NC_014649.1_cds_YP_003986608.1_134	31.86	42.48	23.89	29.20	0.00
lcl|NC_014649.1_cds_YP_003986609.1_135	33.89	42.58	40.34	18.77	0.00
lcl|NC_014649.1_cds_YP_003986610.1_136	26.10	29.52	24.10	24.70	0.00
lcl|NC_014649.1_cds_YP_003986611.1_137	27.06	38.82	23.53	18.82	0.00
lcl|NC_014649.1_cds_YP_003986612.1_138	25.38	37.76	20.85	17.52	0.00
lcl|NC_014649.1_cds_YP_003986613.1_139	26.59	35.03	27.07	17.68	0.00
lcl|NC_014649.1_cds_YP_003986614.1_140	42.16	45.10	51.96	29.41	0.00
lcl|NC_014649.1_cds_YP_003986615.1_141	31.22	40.92	33.43	19.31	0.00
lcl|NC_014649.1_cds_YP_003986616.1_142	27.92	38.07	25.38	20.30	0.00
lcl|NC_014649.1_cds_YP_003986617.1_143	28.78	35.16	32.81	18.36	0.00
lcl|NC_014649.1_cds_YP_003986618.1_144	28.15	30.74	32.96	20.74	0.00
lcl|NC_014649.1_cds_YP_003986619.1_145	37.71	49.82	39.01	24.29	0.00
lcl|NC_014649.1_cds_YP_003986620.1_146	34.27	43.66	40.85	18.31	0.00
lcl|NC_014649.1_cds_YP_003986621.1_147	23.73	33.33	19.21	18.64	0.00
lcl|NC_014649.1_cds_YP_003986622.1_148	23.53	34.45	19.33	16.81	0.00
lcl|NC_014649.1_cds_YP_003986623.1_149	30.54	39.11	29.61	22.91	0.00
lcl|NC_014649.1_cds_YP_003986624.1_150	31.68	47.30	24.32	23.42	0.00
lcl|NC_014649.1_cds_YP_003986625.1_151	27.60	40.62	20.31	21.88	0.00
lcl|NC_014649.1_cds_YP_003986626.1_152	26.22	33.54	26.83	18.29	0.00
lcl|NC_014649.1_cds_YP_003986627.1_153	35.99	48.65	41.54	17.78	0.00
lcl|NC_014649.1_cds_YP_003986628.1_154	28.61	39.38	31.73	14.73	0.00
lcl|NC_014649.1_cds_YP_003986629.1_155	28.15	36.29	28.92	19.24	0.00
lcl|NC_014649.1_cds_YP_003986630.1_156	27.04	37.44	27.26	16.40	0.00
lcl|NC_014649.1_cds_YP_003986631.1_157	28.25	36.55	33.33	14.86	0.00
lcl|NC_014649.1_cds_YP_003986632.1_158	28.85	41.64	25.25	19.67	0.00
lcl|NC_014649.1_cds_YP_003986633.1_159	30.97	45.06	30.86	16.98	0.00
lcl|NC_014649.1_cds_YP_003986634.1_160	27.22	34.62	30.14	16.90	0.00
lcl|NC_014649.1_cds_YP_003986635.1_161	30.90	40.28	30.90	21.53	0.00
lcl|NC_014649.1_cds_YP_003986636.1_162	25.50	31.20	25.21	20.09	0.00
lcl|NC_014649.1_cds_YP_003986637.1_163	26.55	32.73	27.27	19.64	0.00
lcl|NC_014649.1_cds_YP_003986638.1_164	24.11	32.56	21.33	18.44	0.00
lcl|NC_014649.1_cds_YP_003986639.1_165	27.26	36.43	27.50	17.86	0.00
lcl|NC_014649.1_cds_YP_003986640.1_166	26.09	36.09	25.22	16.96	0.00
lcl|NC_014649.1_cds_YP_003986641.1_167	23.75	31.61	20.69	18.97	0.00
lcl|NC_014649.1_cds_YP_003986642.1_168	42.20	47.94	30.34	48.31	0.00
lcl|NC_014649.1_cds_YP_003986643.1_169	26.29	35.21	24.41	19.25	0.00
lcl|NC_014649.1_cds_YP_003986644.1_170	30.63	42.50	27.51	21.87	0.00
lcl|NC_014649.1_cds_YP_003986645.1_171	28.32	32.68	26.80	25.49	0.00
lcl|NC_014649.1_cds_YP_003986646.1_172	24.88	33.90	23.67	17.06	0.00
lcl|NC_014649.1_cds_YP_003986647.1_173	27.27	29.37	25.87	26.57	0.00
lcl|NC_014649.1_cds_YP_003986648.1_174	30.84	42.52	31.50	18.50	0.00
lcl|NC_014649.1_cds_YP_003986649.1_175	29.61	37.85	29.48	21.51	0.00
lcl|NC_014649.1_cds_YP_003986650.1_176	25.79	33.69	28.03	15.63	0.00
lcl|NC_014649.1_cds_YP_003986651.1_177	39.09	48.20	40.29	28.78	0.00
lcl|NC_014649.1_cds_YP_003986652.1_178	26.65	34.33	25.35	20.28	0.00
lcl|NC_014649.1_cds_YP_003986653.1_179	26.88	34.33	23.50	22.81	0.00
lcl|NC_014649.1_cds_YP_003986654.1_180	27.01	35.06	25.10	20.88	0.00
lcl|NC_014649.1_cds_YP_003986655.1_181	30.41	40.88	30.66	19.71	0.00
lcl|NC_014649.1_cds_YP_003986656.1_182	30.59	41.37	29.41	20.98	0.00
lcl|NC_014649.1_cds_YP_003986657.1_183	26.10	30.88	27.94	19.49	0.00
lcl|NC_014649.1_cds_YP_003986658.1_184	26.46	29.76	30.16	19.44	0.00
lcl|NC_014649.1_cds_YP_003986659.1_185	25.03	28.85	28.20	18.03	0.00
lcl|NC_014649.1_cds_YP_003986660.1_186	21.46	26.34	21.46	16.59	0.00
lcl|NC_014649.1_cds_YP_003986661.1_187	30.73	41.84	26.95	23.40	0.00
lcl|NC_014649.1_cds_YP_003986662.1_188	28.29	35.44	27.31	22.12	0.00
lcl|NC_014649.1_cds_YP_003986663.1_189	29.71	44.22	21.09	23.81	0.00
lcl|NC_014649.1_cds_YP_003986664.1_190	25.60	32.91	21.94	21.94	0.00
lcl|NC_014649.1_cds_YP_003986665.1_191	28.96	31.55	27.18	28.16	0.00
lcl|NC_014649.1_cds_YP_003986666.1_192	27.04	35.56	24.44	21.11	0.00
lcl|NC_014649.1_cds_YP_003986667.1_193	25.23	34.83	21.32	19.52	0.00
lcl|NC_014649.1_cds_YP_003986668.1_194	26.89	31.82	23.86	25.00	0.00
lcl|NC_014649.1_cds_YP_003986669.1_195	24.01	31.61	19.95	20.47	0.00
lcl|NC_014649.1_cds_YP_003986670.1_196	26.74	36.68	21.90	21.64	0.00
lcl|NC_014649.1_cds_YP_003986671.1_197	22.98	30.00	20.79	18.16	0.00
lcl|NC_014649.1_cds_YP_003986672.1_198	24.46	33.15	19.84	20.38	0.00
lcl|NC_014649.1_cds_YP_003986673.1_199	25.45	34.51	21.74	20.11	0.00
lcl|NC_014649.1_cds_YP_003986674.1_200	24.91	32.98	21.54	20.21	0.00
lcl|NC_014649.1_cds_YP_003986675.1_201	23.34	32.10	19.89	18.04	0.00
lcl|NC_014649.1_cds_YP_003986676.1_202	24.79	33.33	21.54	19.49	0.00
lcl|NC_014649.1_cds_YP_003986677.1_203	24.21	32.27	20.29	20.05	0.00
lcl|NC_014649.1_cds_YP_003986678.1_204	25.59	34.99	19.84	21.93	0.00
lcl|NC_014649.1_cds_YP_003986679.1_205	21.37	26.72	21.12	16.28	0.00
lcl|NC_014649.1_cds_YP_003986680.1_206	29.54	32.51	32.92	23.19	0.00
lcl|NC_014649.1_cds_YP_003986681.1_207	26.86	32.79	27.13	20.65	0.00
lcl|NC_014649.1_cds_YP_003986682.1_208	31.24	41.18	38.43	14.12	0.00
lcl|NC_014649.1_cds_YP_003986683.1_209	25.34	33.88	21.49	20.66	0.00
lcl|NC_014649.1_cds_YP_003986684.1_210	25.46	36.11	21.94	18.33	0.00
lcl|NC_014649.1_cds_YP_003986685.1_211	40.55	50.18	27.80	43.68	0.00
lcl|NC_014649.1_cds_YP_003986686.1_212	27.00	34.18	27.85	18.99	0.00
lcl|NC_014649.1_cds_YP_003986687.1_213	28.83	37.84	24.32	24.32	0.00
lcl|NC_014649.1_cds_YP_003986688.1_214	26.69	32.81	31.64	15.62	0.00
lcl|NC_014649.1_cds_YP_003986689.1_215	30.34	43.02	28.41	19.60	0.00
lcl|NC_014649.1_cds_YP_003986690.1_216	29.48	38.87	29.38	20.18	0.00
lcl|NC_014649.1_cds_YP_003986691.1_217	32.09	37.38	36.45	22.43	0.00
lcl|NC_014649.1_cds_YP_003986692.1_218	37.64	53.88	43.11	15.91	0.00
lcl|NC_014649.1_cds_YP_003986693.1_219	29.61	34.57	33.51	20.74	0.00
lcl|NC_014649.1_cds_YP_003986694.1_220	24.71	34.48	21.55	18.10	0.00
lcl|NC_014649.1_cds_YP_003986695.1_221	27.23	37.02	28.09	16.60	0.00
lcl|NC_014649.1_cds_YP_003986696.1_222	27.04	27.67	32.70	20.75	0.00
lcl|NC_014649.1_cds_YP_003986697.1_223	36.33	47.83	35.65	25.51	0.00
lcl|NC_014649.1_cds_YP_003986698.1_224	28.51	42.11	25.00	18.42	0.00
lcl|NC_014649.1_cds_YP_003986699.1_225	27.02	32.84	31.07	17.16	0.00
lcl|NC_014649.1_cds_YP_003986700.1_226	25.06	33.11	22.60	19.46	0.00
lcl|NC_014649.1_cds_YP_003986701.1_227	31.28	38.46	46.15	9.23	0.00
lcl|NC_014649.1_cds_YP_003986702.1_228	30.51	44.01	27.07	20.44	0.00
lcl|NC_014649.1_cds_YP_003986703.1_229	30.80	38.40	31.84	22.16	0.00
lcl|NC_014649.1_cds_YP_003986704.1_230	26.60	34.72	27.98	17.10	0.00
lcl|NC_014649.1_cds_YP_003986705.1_231	33.33	44.08	39.29	16.62	0.00
lcl|NC_014649.1_cds_YP_003986706.1_232	23.55	30.65	23.38	16.62	0.00
lcl|NC_014649.1_cds_YP_003986707.1_233	21.80	25.48	21.29	18.63	0.00
lcl|NC_014649.1_cds_YP_003986708.1_234	26.11	32.70	23.95	21.67	0.00
lcl|NC_014649.1_cds_YP_003986709.1_235	26.11	34.27	27.97	16.08	0.00
lcl|NC_014649.1_cds_YP_003986710.1_236	27.35	38.46	17.95	25.64	0.00
lcl|NC_014649.1_cds_YP_003986711.1_237	27.88	34.62	32.21	16.83	0.00
lcl|NC_014649.1_cds_YP_003986712.1_238	24.96	29.96	23.79	21.15	0.00
lcl|NC_014649.1_cds_YP_003986713.1_239	26.28	34.38	26.06	18.42	0.00
lcl|NC_014649.1_cds_YP_003986714.1_240	26.60	30.50	32.98	16.31	0.00
lcl|NC_014649.1_cds_YP_003986715.1_241	25.00	33.43	23.80	17.77	0.00
lcl|NC_014649.1_cds_YP_003986716.1_242	28.25	36.07	28.15	20.53	0.00
lcl|NC_014649.1_cds_YP_003986717.1_243	29.43	41.64	31.93	14.74	0.00
lcl|NC_014649.1_cds_YP_003986718.1_244	27.08	32.36	31.07	17.80	0.00
lcl|NC_014649.1_cds_YP_003986719.1_245	28.03	35.67	29.94	18.47	0.00
lcl|NC_014649.1_cds_YP_003986720.1_246	25.45	31.24	24.21	20.89	0.00
lcl|NC_014649.1_cds_YP_003986721.1_247	26.01	32.39	25.38	20.27	0.00
lcl|NC_014649.1_cds_YP_003986722.1_248	26.53	38.21	21.71	19.68	0.00
lcl|NC_014649.1_cds_YP_003986723.1_249	31.38	42.11	30.99	21.05	0.00
lcl|NC_014649.1_cds_YP_003986724.1_250	25.24	36.28	20.03	19.40	0.00
lcl|NC_014649.1_cds_YP_003986725.1_251	32.14	41.88	30.19	24.35	0.00
lcl|NC_014649.1_cds_YP_003986726.1_252	31.18	42.97	32.25	18.30	0.00
lcl|NC_014649.1_cds_YP_003986727.1_253	25.17	34.38	23.44	17.71	0.00
lcl|NC_014649.1_cds_YP_003986728.1_254	22.77	27.92	22.24	18.14	0.00
lcl|NC_014649.1_cds_YP_003986729.1_255	26.38	35.37	26.76	17.01	0.00
lcl|NC_014649.1_cds_YP_003986730.1_256	25.26	31.14	26.99	17.65	0.00
lcl|NC_014649.1_cds_YP_003986731.1_257	28.64	39.32	28.64	17.96	0.00
lcl|NC_014649.1_cds_YP_003986732.1_258	26.62	33.56	26.85	19.46	0.00
lcl|NC_014649.1_cds_YP_003986733.1_259	26.55	31.72	32.07	15.86	0.00
lcl|NC_014649.1_cds_YP_003986734.1_260	37.56	48.87	52.71	11.09	0.00
lcl|NC_014649.1_cds_YP_003986735.1_261	39.26	56.81	48.83	12.13	0.00
lcl|NC_014649.1_cds_YP_003986736.1_262	37.25	50.00	49.27	12.47	0.00
lcl|NC_014649.1_cds_YP_003986737.1_263	40.51	58.67	48.95	13.90	0.00
lcl|NC_014649.1_cds_YP_003986738.1_264	29.07	39.02	27.44	20.73	0.00
lcl|NC_014649.1_cds_YP_003986739.1_265	32.07	37.34	34.81	24.05	0.00
lcl|NC_014649.1_cds_YP_003986740.1_266	34.06	44.89	34.92	22.36	0.00
lcl|NC_014649.1_cds_YP_003986741.1_267	25.98	28.70	30.51	18.73	0.00
lcl|NC_014649.1_cds_YP_003986742.1_268	22.76	29.07	24.23	14.98	0.00
lcl|NC_014649.1_cds_YP_003986743.1_269	30.24	37.09	36.34	17.29	0.00
lcl|NC_014649.1_cds_YP_003986744.1_270	25.47	29.48	28.26	18.67	0.00
lcl|NC_014649.1_cds_YP_003986745.1_271	30.28	37.20	35.58	18.06	0.00
lcl|NC_014649.1_cds_YP_003986746.1_272	29.44	37.23	33.33	17.75	0.00
lcl|NC_014649.1_cds_YP_003986747.1_273	27.16	27.16	40.74	13.58	0.00
lcl|NC_014649.1_cds_YP_003986748.1_274	28.42	37.95	26.15	21.17	0.00
lcl|NC_014649.1_cds_YP_003986749.1_275	37.99	42.65	49.10	22.22	0.00
lcl|NC_014649.1_cds_YP_003986750.1_276	28.90	38.44	30.35	17.92	0.00
lcl|NC_014649.1_cds_YP_003986751.1_277	33.90	44.07	35.59	22.03	0.00
lcl|NC_014649.1_cds_YP_003986752.1_278	28.59	39.28	29.19	17.30	0.00
lcl|NC_014649.1_cds_YP_003986753.1_279	28.54	38.34	29.07	18.21	0.00
lcl|NC_014649.1_cds_YP_003986754.1_280	23.83	30.37	20.09	21.03	0.00
lcl|NC_014649.1_cds_YP_003986755.1_281	30.16	38.39	31.25	20.83	0.00
lcl|NC_014649.1_cds_YP_003986756.1_282	28.17	34.96	31.86	17.70	0.00
lcl|NC_014649.1_cds_YP_003986757.1_283	27.08	34.13	27.99	19.11	0.00
lcl|NC_014649.1_cds_YP_003986758.1_284	33.67	47.62	32.33	21.05	0.00
lcl|NC_014649.1_cds_YP_003986759.1_285	27.84	40.66	26.92	15.93	0.00
lcl|NC_014649.1_cds_YP_003986760.1_286	24.58	35.94	23.04	14.75	0.00
lcl|NC_014649.1_cds_YP_003986761.1_287	25.06	32.71	27.23	15.24	0.00
lcl|NC_014649.1_cds_YP_003986762.1_288	31.92	39.35	41.22	15.18	0.00
lcl|NC_014649.1_cds_YP_003986763.1_289	25.66	40.80	16.56	19.63	0.00
lcl|NC_014649.1_cds_YP_003986764.1_290	22.89	34.62	18.13	15.93	0.00
lcl|NC_014649.1_cds_YP_003986765.1_291	25.73	37.33	26.50	13.36	0.00
lcl|NC_014649.1_cds_YP_003986766.1_292	27.06	34.00	28.15	19.01	0.00
lcl|NC_014649.1_cds_YP_003986767.1_293	25.53	34.72	22.26	19.62	0.00
lcl|NC_014649.1_cds_YP_003986768.1_294	35.99	38.94	43.36	25.66	0.00
lcl|NC_014649.1_cds_YP_003986769.1_295	28.30	35.94	27.02	21.95	0.00
lcl|NC_014649.1_cds_YP_003986770.1_296	33.70	50.00	30.00	21.11	0.00
lcl|NC_014649.1_cds_YP_003986771.1_297	25.47	34.47	23.85	18.09	0.00
lcl|NC_014649.1_cds_YP_003986772.1_298	27.22	34.23	24.83	22.60	0.00
lcl|NC_014649.1_cds_YP_003986773.1_299	44.29	56.81	43.19	32.86	0.00
lcl|NC_014649.1_cds_YP_003986774.1_300	29.74	38.46	27.69	23.08	0.00
lcl|NC_014649.1_cds_YP_003986775.1_301	24.92	33.26	25.23	16.28	0.00
lcl|NC_014649.1_cds_YP_003986776.1_302	29.97	36.36	29.29	24.24	0.00
lcl|NC_014649.1_cds_YP_003986777.1_303	27.73	28.15	33.19	21.85	0.00
lcl|NC_014649.1_cds_YP_003986778.1_304	26.38	35.97	27.34	15.83	0.00
lcl|NC_014649.1_cds_YP_003986779.1_305	26.25	32.28	29.13	17.32	0.00
lcl|NC_014649.1_cds_YP_003986780.1_306	30.64	40.55	27.39	23.99	0.00
lcl|NC_014649.1_cds_YP_003986781.1_307	29.49	50.00	23.08	15.38	0.00
lcl|NC_014649.1_cds_YP_003986782.1_308	27.80	37.56	23.90	21.95	0.00
lcl|NC_014649.1_cds_YP_003986783.1_309	26.96	34.13	29.69	17.06	0.00
lcl|NC_014649.1_cds_YP_003986784.1_310	28.54	33.33	33.33	18.95	0.00
lcl|NC_014649.1_cds_YP_003986785.1_311	30.10	39.21	28.06	23.02	0.00
lcl|NC_014649.1_cds_YP_003986786.1_312	29.48	40.00	28.73	19.72	0.00
lcl|NC_014649.1_cds_YP_003986787.1_313	35.65	50.93	34.26	21.76	0.00
lcl|NC_014649.1_cds_YP_003986788.1_314	24.08	33.11	25.42	13.71	0.00
lcl|NC_014649.1_cds_YP_003986789.1_315	28.81	31.69	34.16	20.58	0.00
lcl|NC_014649.1_cds_YP_003986790.1_316	36.59	37.56	49.27	22.93	0.00
lcl|NC_014649.1_cds_YP_003986791.1_317	25.20	31.74	27.52	16.33	0.00
lcl|NC_014649.1_cds_YP_003986792.1_318	29.33	40.44	29.87	17.67	0.00
lcl|NC_014649.1_cds_YP_003986793.1_319	29.81	31.38	37.92	20.13	0.00
lcl|NC_014649.1_cds_YP_003986794.1_320	26.91	34.90	30.21	15.62	0.00
lcl|NC_014649.1_cds_YP_003986795.1_321	29.00	37.22	33.63	16.14	0.00
lcl|NC_014649.1_cds_YP_003986796.1_322	28.02	36.01	30.10	17.94	0.00
lcl|NC_014649.1_cds_YP_003986797.1_323	23.57	27.78	21.72	21.21	0.00
lcl|NC_014649.1_cds_YP_003986798.1_324	31.84	41.53	34.50	19.49	0.00
lcl|NC_014649.1_cds_YP_003986799.1_325	33.00	38.72	41.75	18.52	0.00
lcl|NC_014649.1_cds_YP_003986800.1_326	30.84	33.55	43.65	15.31	0.00
lcl|NC_014649.1_cds_YP_003986801.1_327	38.50	38.03	43.66	33.80	0.00
lcl|NC_014649.1_cds_YP_003986802.1_328	28.34	28.14	32.34	24.55	0.00
lcl|NC_014649.1_cds_YP_003986803.1_329	25.46	34.42	21.86	20.10	0.00
lcl|NC_014649.1_cds_YP_003986804.1_330	23.61	29.86	25.00	15.97	0.00
lcl|NC_014649.1_cds_YP_003986805.1_331	28.00	38.46	29.83	15.70	0.00
lcl|NC_014649.1_cds_YP_003986806.1_332	24.70	36.50	19.34	18.25	0.00
lcl|NC_014649.1_cds_YP_003986807.1_333	26.67	34.12	27.06	18.82	0.00
lcl|NC_014649.1_cds_YP_003986808.1_334	31.85	45.73	33.45	16.38	0.00
lcl|NC_014649.1_cds_YP_003986809.1_335	25.90	33.44	24.15	20.12	0.00
lcl|NC_014649.1_cds_YP_003986810.1_336	26.10	35.29	28.68	14.34	0.00
lcl|NC_014649.1_cds_YP_003986811.1_337	28.24	36.11	33.33	15.28	0.00
lcl|NC_014649.1_cds_YP_003986812.1_338	28.47	35.42	29.17	20.83	0.00
lcl|NC_014649.1_cds_YP_003986813.1_339	26.26	33.94	28.48	16.36	0.00
lcl|NC_014649.1_cds_YP_003986814.1_340	23.43	25.76	23.64	20.91	0.00
lcl|NC_014649.1_cds_YP_003986815.1_341	29.43	41.87	24.40	22.01	0.00
lcl|NC_014649.1_cds_YP_003986816.1_342	30.91	39.34	32.65	20.75	0.00
lcl|NC_014649.1_cds_YP_003986817.1_343	44.60	46.76	51.08	35.97	0.00
lcl|NC_014649.1_cds_YP_003986818.1_344	30.67	39.93	30.21	21.88	0.00
lcl|NC_014649.1_cds_YP_003986819.1_345	27.29	36.91	24.16	20.81	0.00
lcl|NC_014649.1_cds_YP_003986820.1_346	27.42	34.63	25.54	22.08	0.00
lcl|NC_014649.1_cds_YP_003986821.1_347	30.61	43.10	29.58	19.15	0.00
lcl|NC_014649.1_cds_YP_003986822.1_348	29.42	36.46	30.28	21.54	0.00
lcl|NC_014649.1_cds_YP_003986823.1_349	25.81	34.63	23.74	19.07	0.00
lcl|NC_014649.1_cds_YP_003986824.1_350	25.16	32.35	23.04	20.10	0.00
lcl|NC_014649.1_cds_YP_003986825.1_351	28.80	40.49	28.03	17.86	0.00
lcl|NC_014649.1_cds_YP_003986826.1_352	32.51	41.90	40.85	14.79	0.00
lcl|NC_014649.1_cds_YP_003986827.1_353	30.73	41.04	36.42	14.74	0.00
lcl|NC_014649.1_cds_YP_003986828.1_354	25.93	37.88	25.76	14.14	0.00
lcl|NC_014649.1_cds_YP_003986829.1_355	27.96	39.47	27.07	17.34	0.00
lcl|NC_014649.1_cds_YP_003986830.1_356	25.78	32.27	27.33	17.73	0.00
lcl|NC_014649.1_cds_YP_003986831.1_357	31.01	40.70	34.88	17.44	0.00
lcl|NC_014649.1_cds_YP_003986832.1_358	27.72	35.39	28.09	19.66	0.00
lcl|NC_014649.1_cds_YP_003986833.1_359	29.57	43.61	30.45	14.66	0.00
lcl|NC_014649.1_cds_YP_003986834.1_360	26.67	37.07	25.07	17.87	0.00
lcl|NC_014649.1_cds_YP_003986835.1_361	23.41	29.77	20.00	20.47	0.00
lcl|NC_014649.1_cds_YP_003986836.1_362	25.16	26.96	22.06	26.47	0.00
lcl|NC_014649.1_cds_YP_003986837.1_363	23.58	30.32	19.15	21.28	0.00
lcl|NC_014649.1_cds_YP_003986838.1_364	28.04	45.59	23.82	14.71	0.00
lcl|NC_014649.1_cds_YP_003986839.1_365	27.19	35.03	26.97	19.57	0.00
lcl|NC_014649.1_cds_YP_003986840.1_366	28.16	35.38	27.23	21.88	0.00
lcl|NC_014649.1_cds_YP_003986841.1_367	23.95	31.03	25.29	15.52	0.00
lcl|NC_014649.1_cds_YP_003986842.1_368	25.29	31.76	23.82	20.29	0.00
lcl|NC_014649.1_cds_YP_003986843.1_369	29.12	39.15	30.26	17.95	0.00
lcl|NC_014649.1_cds_YP_003986844.1_370	24.87	29.69	26.17	18.75	0.00
lcl|NC_014649.1_cds_YP_003986845.1_371	26.41	37.11	24.86	17.25	0.00
lcl|NC_014649.1_cds_YP_003986846.1_372	25.30	32.26	27.89	15.75	0.00
lcl|NC_014649.1_cds_YP_003986847.1_373	26.19	28.57	29.76	20.24	0.00
lcl|NC_014649.1_cds_YP_003986848.1_374	37.73	47.51	41.02	24.67	0.00
lcl|NC_014649.1_cds_YP_003986849.1_375	38.78	46.94	49.49	19.90	0.00
lcl|NC_014649.1_cds_YP_003986850.1_376	29.08	39.09	30.45	17.70	0.00
lcl|NC_014649.1_cds_YP_003986851.1_377	25.17	32.58	25.21	17.71	0.00
lcl|NC_014649.1_cds_YP_003986852.1_378	27.84	35.85	28.50	19.17	0.00
lcl|NC_014649.1_cds_YP_003986853.1_379	30.24	40.59	31.05	19.07	0.00
lcl|NC_014649.1_cds_YP_003986854.1_380	27.89	36.27	29.53	17.88	0.00
lcl|NC_014649.1_cds_YP_003986855.1_381	26.73	39.59	26.28	14.33	0.00
lcl|NC_014649.1_cds_YP_003986856.1_382	24.95	34.08	20.11	20.67	0.00
lcl|NC_014649.1_cds_YP_003986857.1_383	27.39	39.09	25.09	18.00	0.00
lcl|NC_014649.1_cds_YP_003986858.1_384	29.04	36.96	31.68	18.48	0.00
lcl|NC_014649.1_cds_YP_003986859.1_385	24.33	32.15	23.31	17.52	0.00
lcl|NC_014649.1_cds_YP_003986860.1_386	32.46	41.05	30.58	25.75	0.00
lcl|NC_014649.1_cds_YP_003986861.1_387	26.58	36.49	25.68	17.57	0.00
lcl|NC_014649.1_cds_YP_003986862.1_388	25.62	32.74	22.78	21.35	0.00
lcl|NC_014649.1_cds_YP_003986863.1_389	27.47	38.58	26.40	17.42	0.00
lcl|NC_014649.1_cds_YP_003986864.1_390	24.34	26.40	21.35	25.28	0.00
lcl|NC_014649.1_cds_YP_003986865.1_391	27.76	39.16	28.14	15.97	0.00
lcl|NC_014649.1_cds_YP_003986866.1_392	30.26	42.07	31.99	16.71	0.00
lcl|NC_014649.1_cds_YP_003986867.1_393	29.70	37.74	30.35	21.01	0.00
lcl|NC_014649.1_cds_YP_003986868.1_394	31.47	46.00	31.47	16.95	0.00
lcl|NC_014649.1_cds_YP_003986869.1_395	22.77	31.05	17.32	19.93	0.00
lcl|NC_014649.1_cds_YP_003986870.1_396	24.47	27.85	20.25	25.32	0.00
lcl|NC_014649.1_cds_YP_003986871.1_397	27.73	36.28	27.33	19.58	0.00
lcl|NC_014649.1_cds_YP_003986872.1_398	25.62	32.02	26.24	18.60	0.00
lcl|NC_014649.1_cds_YP_003986873.1_399	28.94	32.64	30.56	23.61	0.00
lcl|NC_014649.1_cds_YP_003986874.1_400	28.33	39.01	24.44	21.52	0.00
lcl|NC_014649.1_cds_YP_003986875.1_401	28.74	43.45	21.38	21.38	0.00
lcl|NC_014649.1_cds_YP_003986876.1_402	24.89	34.86	22.98	16.84	0.00
lcl|NC_014649.1_cds_YP_003986877.1_403	27.09	37.05	25.50	18.73	0.00
lcl|NC_014649.1_cds_YP_003986878.1_404	27.78	30.56	27.38	25.40	0.00
lcl|NC_014649.1_cds_YP_003986879.1_405	25.22	33.19	23.89	18.58	0.00
lcl|NC_014649.1_cds_YP_003986880.1_406	26.87	32.41	27.42	20.78	0.00
lcl|NC_014649.1_cds_YP_003986881.1_407	28.67	41.50	22.00	22.50	0.00
lcl|NC_014649.1_cds_YP_003986882.1_408	28.51	38.68	29.18	17.68	0.00
lcl|NC_014649.1_cds_YP_003986883.1_409	26.36	33.67	25.51	19.90	0.00
lcl|NC_014649.1_cds_YP_003986884.1_410	25.36	32.79	23.93	19.34	0.00
lcl|NC_014649.1_cds_YP_003986885.1_411	24.33	34.36	23.70	14.93	0.00
lcl|NC_014649.1_cds_YP_003986886.1_412	25.03	29.54	30.25	15.30	0.00
lcl|NC_014649.1_cds_YP_003986887.1_413	26.53	34.59	28.27	16.74	0.00
lcl|NC_014649.1_cds_YP_003986888.1_414	25.50	32.09	26.07	18.34	0.00
lcl|NC_014649.1_cds_YP_003986889.1_415	30.58	43.61	24.81	23.31	0.00
lcl|NC_014649.1_cds_YP_003986890.1_416	25.35	37.32	21.83	16.90	0.00
lcl|NC_014649.1_cds_YP_003986891.1_417	31.72	41.98	30.59	22.57	0.00
lcl|NC_014649.1_cds_YP_003986892.1_418	31.08	42.48	28.57	22.18	0.00
lcl|NC_014649.1_cds_YP_003986893.1_419	28.62	40.15	24.16	21.56	0.00
lcl|NC_014649.1_cds_YP_003986894.1_420	25.83	30.07	27.49	19.93	0.00
lcl|NC_014649.1_cds_YP_003986895.1_421	23.69	29.19	23.56	18.32	0.00
lcl|NC_014649.1_cds_YP_003986896.1_422	23.79	31.72	21.36	18.28	0.00
lcl|NC_014649.1_cds_YP_003986897.1_423	33.65	48.19	37.01	15.75	0.00
lcl|NC_014649.1_cds_YP_003986898.1_424	28.31	36.03	27.73	21.18	0.00
lcl|NC_014649.1_cds_YP_003986899.1_425	26.04	34.69	28.75	14.69	0.00
lcl|NC_014649.1_cds_YP_003986900.1_426	26.86	37.31	25.19	18.08	0.00
lcl|NC_014649.1_cds_YP_003986901.1_427	32.54	44.03	34.81	18.77	0.00
lcl|NC_014649.1_cds_YP_003986902.1_428	27.93	35.97	29.64	18.18	0.00
lcl|NC_014649.1_cds_YP_003986903.1_429	30.69	32.86	39.09	20.11	0.00
lcl|NC_014649.1_cds_YP_003986904.1_430	28.13	38.68	28.63	17.09	0.00
lcl|NC_014649.1_cds_YP_003986905.1_431	24.23	32.16	23.35	17.18	0.00
lcl|NC_014649.1_cds_YP_003986906.1_432	30.04	37.80	33.29	19.02	0.00
lcl|NC_014649.1_cds_YP_003986907.1_433	31.08	39.34	34.17	19.74	0.00
lcl|NC_014649.1_cds_YP_003986908.1_434	27.65	37.50	31.06	14.39	0.00
lcl|NC_014649.1_cds_YP_003986909.1_435	26.41	34.87	26.41	17.95	0.00
lcl|NC_014649.1_cds_YP_003986910.1_436	31.60	44.79	35.42	14.58	0.00
lcl|NC_014649.1_cds_YP_003986911.1_437	26.24	36.13	28.29	14.29	0.00
lcl|NC_014649.1_cds_YP_003986912.1_438	27.53	31.70	29.46	21.43	0.00
lcl|NC_014649.1_cds_YP_003986913.1_439	27.42	34.41	27.96	19.89	0.00
lcl|NC_014649.1_cds_YP_003986914.1_440	33.89	44.11	35.95	21.60	0.00
lcl|NC_014649.1_cds_YP_003986915.1_441	26.53	36.52	26.97	16.10	0.00
lcl|NC_014649.1_cds_YP_003986916.1_442	27.49	34.39	30.18	17.89	0.00
lcl|NC_014649.1_cds_YP_003986917.1_443	25.19	30.90	27.81	16.85	0.00
lcl|NC_014649.1_cds_YP_003986918.1_444	25.92	33.66	26.50	17.60	0.00
lcl|NC_014649.1_cds_YP_003986919.1_445	25.96	33.65	26.92	17.31	0.00
lcl|NC_014649.1_cds_YP_003986920.1_446	27.99	35.85	30.19	17.92	0.00
lcl|NC_014649.1_cds_YP_003986921.1_447	29.88	41.46	31.30	16.87	0.00
lcl|NC_014649.1_cds_YP_003986922.1_448	35.27	44.93	34.06	26.81	0.00
lcl|NC_014649.1_cds_YP_003986923.1_449	30.52	36.15	37.90	17.49	0.00
lcl|NC_014649.1_cds_YP_003986924.1_450	23.54	35.10	21.63	13.88	0.00
lcl|NC_014649.1_cds_YP_003986925.1_451	27.62	37.14	27.62	18.10	0.00
lcl|NC_014649.1_cds_YP_003986926.1_452	25.61	30.90	23.61	22.32	0.00
lcl|NC_014649.1_cds_YP_003986927.1_453	26.49	32.77	31.26	15.44	0.00
lcl|NC_014649.1_cds_YP_003986928.1_454	26.24	36.15	24.20	18.37	0.00
lcl|NC_014649.1_cds_YP_003986929.1_455	38.61	54.04	35.19	26.60	0.00
lcl|NC_014649.1_cds_YP_003986930.1_456	26.32	31.58	25.44	21.93	0.00
lcl|NC_014649.1_cds_YP_003986931.1_457	27.55	33.88	23.97	24.79	0.00
lcl|NC_014649.1_cds_YP_003986932.1_458	26.84	30.26	32.31	17.95	0.00
lcl|NC_014649.1_cds_YP_003986933.1_459	29.40	39.58	28.70	19.91	0.00
lcl|NC_014649.1_cds_YP_003986934.1_460	22.61	27.91	24.42	15.50	0.00
lcl|NC_014649.1_cds_YP_003986935.1_461	26.42	36.50	25.25	17.50	0.00
lcl|NC_014649.1_cds_YP_003986936.1_462	26.52	37.27	24.09	18.18	0.00
lcl|NC_014649.1_cds_YP_003986937.1_463	27.56	36.22	29.13	17.32	0.00
lcl|NC_014649.1_cds_YP_003986938.1_464	37.50	53.75	36.25	22.50	0.00
lcl|NC_014649.1_cds_YP_003986939.1_465	30.47	44.85	30.39	16.18	0.00
lcl|NC_014649.1_cds_YP_003986940.1_466	23.60	31.46	22.47	16.85	0.00
lcl|NC_014649.1_cds_YP_003986941.1_467	26.47	35.74	22.02	21.66	0.00
lcl|NC_014649.1_cds_YP_003986942.1_468	30.29	40.35	27.02	23.51	0.00
lcl|NC_014649.1_cds_YP_003986943.1_469	27.13	34.88	25.58	20.93	0.00
lcl|NC_014649.1_cds_YP_003986944.1_470	28.16	43.10	22.41	18.97	0.00
lcl|NC_014649.1_cds_YP_003986945.1_471	26.04	29.35	25.87	22.89	0.00
lcl|NC_014649.1_cds_YP_003986946.1_472	26.13	36.15	27.20	15.03	0.00
lcl|NC_014649.1_cds_YP_003986947.1_473	24.63	31.76	23.74	18.41	0.00
lcl|NC_014649.1_cds_YP_003986948.1_474	29.63	38.60	32.55	17.74	0.00
lcl|NC_014649.1_cds_YP_003986949.1_475	35.98	48.65	37.46	21.83	0.00
lcl|NC_014649.1_cds_YP_003986950.1_476	29.49	38.79	29.70	20.00	0.00
lcl|NC_014649.1_cds_YP_003986951.1_477	30.22	38.72	35.99	15.95	0.00
lcl|NC_014649.1_cds_YP_003986952.1_478	32.07	46.88	31.17	18.16	0.00
lcl|NC_014649.1_cds_YP_003986953.1_479	26.23	36.94	24.32	17.42	0.00
lcl|NC_014649.1_cds_YP_003986954.1_480	25.81	33.06	28.23	16.13	0.00
lcl|NC_014649.1_cds_YP_003986955.1_481	26.46	30.94	27.35	21.08	0.00
lcl|NC_014649.1_cds_YP_003986956.1_482	31.87	42.30	35.65	17.67	0.00
lcl|NC_014649.1_cds_YP_004021045.1_483	32.85	42.03	14.49	42.03	0.00
lcl|NC_014649.1_cds_YP_003986957.1_484	28.00	36.80	31.18	16.01	0.00
lcl|NC_014649.1_cds_YP_003986958.1_485	23.88	28.37	26.20	17.07	0.00
lcl|NC_014649.1_cds_YP_003986959.1_486	31.41	30.02	47.51	16.70	0.00
lcl|NC_014649.1_cds_YP_003986960.1_487	27.90	36.96	24.73	22.01	0.00
lcl|NC_014649.1_cds_YP_003986961.1_488	31.64	42.85	37.44	14.63	0.00
lcl|NC_014649.1_cds_YP_003986962.1_489	26.84	35.06	24.68	20.78	0.00
lcl|NC_014649.1_cds_YP_003986963.1_490	24.62	27.84	21.02	25.00	0.00
lcl|NC_014649.1_cds_YP_003986964.1_491	35.79	49.47	42.11	15.79	0.00
lcl|NC_014649.1_cds_YP_003986965.1_492	29.97	41.33	33.33	15.24	0.00
lcl|NC_014649.1_cds_YP_003986966.1_493	36.24	48.72	40.51	19.49	0.00
lcl|NC_014649.1_cds_YP_003986967.1_494	26.21	31.45	25.16	22.01	0.00
lcl|NC_014649.1_cds_YP_003986968.1_495	28.89	37.62	28.57	20.48	0.00
lcl|NC_014649.1_cds_YP_003986969.1_496	25.21	32.84	23.88	18.91	0.00
lcl|NC_014649.1_cds_YP_003986970.1_497	27.44	39.12	29.25	13.95	0.00
lcl|NC_014649.1_cds_YP_003986971.1_498	24.92	34.58	21.50	18.69	0.00
lcl|NC_014649.1_cds_YP_003986972.1_499	28.73	39.23	24.31	22.65	0.00
lcl|NC_014649.1_cds_YP_003986973.1_500	28.70	38.64	27.53	19.95	0.00
lcl|NC_014649.1_cds_YP_003986974.1_501	29.71	39.75	28.57	20.81	0.00
lcl|NC_014649.1_cds_YP_003986975.1_502	28.59	33.18	27.96	24.64	0.00
lcl|NC_014649.1_cds_YP_003986976.1_503	27.49	36.26	28.67	17.54	0.00
lcl|NC_014649.1_cds_YP_003986977.1_504	28.12	42.18	26.26	15.92	0.00
lcl|NC_014649.1_cds_YP_003986978.1_505	23.30	29.60	23.38	16.92	0.00
lcl|NC_014649.1_cds_YP_003986979.1_506	26.81	37.51	24.51	18.40	0.00
lcl|NC_014649.1_cds_YP_003986980.1_507	23.18	30.86	20.31	18.36	0.00
lcl|NC_014649.1_cds_YP_003986981.1_508	29.95	34.30	33.57	21.98	0.00
lcl|NC_014649.1_cds_YP_003986982.1_509	30.01	42.47	31.03	16.52	0.00
lcl|NC_014649.1_cds_YP_003986983.1_510	28.31	37.15	30.14	17.64	0.00
lcl|NC_014649.1_cds_YP_003986984.1_511	38.41	44.57	47.83	22.83	0.00
lcl|NC_014649.1_cds_YP_003986985.1_512	32.37	42.95	33.33	20.83	0.00
lcl|NC_014649.1_cds_YP_003986986.1_513	25.52	32.88	28.30	15.36	0.00
lcl|NC_014649.1_cds_YP_003986987.1_514	30.95	48.02	26.19	18.65	0.00
lcl|NC_014649.1_cds_YP_003986988.1_515	31.49	42.01	31.88	20.57	0.00
lcl|NC_014649.1_cds_YP_003986989.1_516	25.40	34.22	25.91	16.06	0.00
lcl|NC_014649.1_cds_YP_003986990.1_517	35.19	57.41	31.48	16.67	0.00
lcl|NC_014649.1_cds_YP_003986991.1_518	20.88	32.53	14.46	15.66	0.00
lcl|NC_014649.1_cds_YP_003986992.1_519	32.68	47.68	32.03	18.34	0.00
lcl|NC_014649.1_cds_YP_003986993.1_520	28.30	37.24	29.81	17.86	0.00
lcl|NC_014649.1_cds_YP_003986994.1_521	31.38	32.16	41.52	20.47	0.00
lcl|NC_014649.1_cds_YP_003986995.1_522	33.81	38.57	45.71	17.14	0.00
lcl|NC_014649.1_cds_YP_003986996.1_523	34.52	41.52	44.64	17.41	0.00
lcl|NC_014649.1_cds_YP_003986997.1_524	26.49	36.25	24.47	18.73	0.00
lcl|NC_014649.1_cds_YP_003986998.1_525	25.89	29.79	26.60	21.28	0.00
lcl|NC_014649.1_cds_YP_003986999.1_526	32.50	42.32	36.79	18.39	0.00
lcl|NC_014649.1_cds_YP_003987000.1_527	30.18	39.64	31.08	19.82	0.00
lcl|NC_014649.1_cds_YP_003987001.1_528	25.30	33.73	19.28	22.89	0.00
lcl|NC_014649.1_cds_YP_003987002.1_529	25.91	34.38	23.44	19.92	0.00
lcl|NC_014649.1_cds_YP_003987003.1_530	29.64	37.79	30.92	20.23	0.00
lcl|NC_014649.1_cds_YP_003987004.1_531	29.07	40.56	33.33	13.33	0.00
lcl|NC_014649.1_cds_YP_003987005.1_532	28.89	38.49	30.97	17.20	0.00
lcl|NC_014649.1_cds_YP_003987006.1_533	25.30	31.75	28.10	16.06	0.00
lcl|NC_014649.1_cds_YP_003987007.1_534	25.06	31.21	25.53	18.44	0.00
lcl|NC_014649.1_cds_YP_003987008.1_535	28.82	34.80	33.33	18.32	0.00
lcl|NC_014649.1_cds_YP_003987009.1_536	30.97	39.89	32.45	20.57	0.00
lcl|NC_014649.1_cds_YP_003987010.1_537	30.97	43.26	33.57	16.08	0.00
lcl|NC_014649.1_cds_YP_003987011.1_538	27.44	34.20	31.59	16.52	0.00
lcl|NC_014649.1_cds_YP_003987012.1_539	25.27	33.33	20.97	21.51	0.00
lcl|NC_014649.1_cds_YP_003987013.1_540	31.39	43.65	31.62	18.92	0.00
lcl|NC_014649.1_cds_YP_003987014.1_541	30.61	42.02	35.41	14.40	0.00
lcl|NC_014649.1_cds_YP_003987015.1_542	25.89	28.76	27.90	21.03	0.00
lcl|NC_014649.1_cds_YP_003987016.1_543	27.35	35.38	24.32	22.36	0.00
lcl|NC_014649.1_cds_YP_003987017.1_544	33.50	45.07	31.53	23.89	0.00
lcl|NC_014649.1_cds_YP_003987018.1_545	29.91	38.32	31.15	20.25	0.00
lcl|NC_014649.1_cds_YP_003987019.1_546	24.36	30.77	25.38	16.92	0.00
lcl|NC_014649.1_cds_YP_003987020.1_547	27.58	31.25	30.65	20.83	0.00
lcl|NC_014649.1_cds_YP_003987021.1_548	24.20	32.03	25.27	15.30	0.00
lcl|NC_014649.1_cds_YP_003987022.1_549	26.28	34.34	28.30	16.21	0.00
lcl|NC_014649.1_cds_YP_003987023.1_550	25.77	30.80	26.11	20.41	0.00
lcl|NC_014649.1_cds_YP_003987024.1_551	31.27	46.39	33.51	13.92	0.00
lcl|NC_014649.1_cds_YP_003987025.1_552	32.54	39.05	41.42	17.16	0.00
lcl|NC_014649.1_cds_YP_003987026.1_553	38.65	47.87	31.91	36.17	0.00
lcl|NC_014649.1_cds_YP_003987027.1_554	27.14	39.52	23.81	18.10	0.00
lcl|NC_014649.1_cds_YP_003987028.1_555	24.34	33.42	22.05	17.53	0.00
lcl|NC_014649.1_cds_YP_003987029.1_556	25.29	34.56	20.28	21.04	0.00
lcl|NC_014649.1_cds_YP_003987030.1_557	23.12	26.13	25.23	18.02	0.00
lcl|NC_014649.1_cds_YP_003987031.1_558	25.79	30.60	29.05	17.74	0.00
lcl|NC_014649.1_cds_YP_003987032.1_559	31.43	40.00	31.43	22.86	0.00
lcl|NC_014649.1_cds_YP_003987033.1_560	24.78	31.49	25.16	17.69	0.00
lcl|NC_014649.1_cds_YP_003987034.1_561	25.17	34.67	23.64	17.21	0.00
lcl|NC_014649.1_cds_YP_003987035.1_562	30.91	44.47	28.23	20.04	0.00
lcl|NC_014649.1_cds_YP_003987036.1_563	25.53	35.47	21.13	20.00	0.00
lcl|NC_014649.1_cds_YP_003987037.1_564	28.49	35.47	30.81	19.19	0.00
lcl|NC_014649.1_cds_YP_003987038.1_565	30.79	38.42	28.16	25.79	0.00
lcl|NC_014649.1_cds_YP_003987039.1_566	28.81	37.80	29.72	18.90	0.00
lcl|NC_014649.1_cds_YP_003987040.1_567	31.03	43.52	33.72	15.85	0.00
lcl|NC_014649.1_cds_YP_003987041.1_568	26.29	34.61	24.43	19.85	0.00
lcl|NC_014649.1_cds_YP_003987042.1_569	26.46	29.09	27.88	22.42	0.00
lcl|NC_014649.1_cds_YP_003987043.1_570	27.14	33.33	27.27	20.81	0.00
lcl|NC_014649.1_cds_YP_003987044.1_571	28.31	38.69	27.54	18.69	0.00
lcl|NC_014649.1_cds_YP_003987045.1_572	30.35	39.87	29.42	21.75	0.00
lcl|NC_014649.1_cds_YP_003987046.1_573	26.65	36.54	25.15	18.27	0.00
lcl|NC_014649.1_cds_YP_003987047.1_574	27.62	32.69	29.45	20.71	0.00
lcl|NC_014649.1_cds_YP_003987048.1_575	24.61	31.69	21.85	20.28	0.00
lcl|NC_014649.1_cds_YP_003987049.1_576	25.88	27.65	28.82	21.18	0.00
lcl|NC_014649.1_cds_YP_003987050.1_577	25.83	31.00	28.03	18.47	0.00
lcl|NC_014649.1_cds_YP_003987051.1_578	27.95	35.43	28.03	20.40	0.00
lcl|NC_014649.1_cds_YP_003987052.1_579	24.04	31.15	26.23	14.75	0.00
lcl|NC_014649.1_cds_YP_003987053.1_580	29.78	25.33	38.67	25.33	0.00
lcl|NC_014649.1_cds_YP_003987054.1_581	24.88	30.80	23.91	19.93	0.00
lcl|NC_014649.1_cds_YP_003987055.1_582	29.93	40.95	32.90	15.95	0.00
lcl|NC_014649.1_cds_YP_003987056.1_583	23.04	28.48	22.17	18.48	0.00
lcl|NC_014649.1_cds_YP_003987057.1_584	25.04	31.84	27.19	16.10	0.00
lcl|NC_014649.1_cds_YP_003987058.1_585	31.62	38.97	36.56	19.34	0.00
lcl|NC_014649.1_cds_YP_003987059.1_586	24.91	34.28	23.97	16.49	0.00
lcl|NC_014649.1_cds_YP_003987060.1_587	41.58	56.18	43.11	25.44	0.00
lcl|NC_014649.1_cds_YP_003987061.1_588	30.22	33.18	37.85	19.63	0.00
lcl|NC_014649.1_cds_YP_003987062.1_589	38.21	36.92	40.00	37.69	0.00
lcl|NC_014649.1_cds_YP_003987063.1_590	31.64	39.13	36.96	18.84	0.00
lcl|NC_014649.1_cds_YP_003987064.1_591	24.00	33.53	23.03	15.45	0.00
lcl|NC_014649.1_cds_YP_003987065.1_592	46.83	51.79	60.12	28.57	0.00
lcl|NC_014649.1_cds_YP_003987066.1_593	27.97	41.96	23.78	18.18	0.00
lcl|NC_014649.1_cds_YP_003987067.1_594	26.00	35.92	26.54	15.53	0.00
lcl|NC_014649.1_cds_YP_003987068.1_595	34.10	44.89	38.54	18.88	0.00
lcl|NC_014649.1_cds_YP_003987069.1_596	32.60	50.37	31.94	15.48	0.00
lcl|NC_014649.1_cds_YP_003987070.1_597	26.65	37.87	23.52	18.57	0.00
lcl|NC_014649.1_cds_YP_003987071.1_598	24.60	29.59	24.83	19.39	0.00
lcl|NC_014649.1_cds_YP_003987072.1_599	35.20	46.58	36.02	22.98	0.00
lcl|NC_014649.1_cds_YP_003987073.1_600	27.83	39.48	27.25	16.74	0.00
lcl|NC_014649.1_cds_YP_003987074.1_601	32.01	47.14	33.92	14.98	0.00
lcl|NC_014649.1_cds_YP_004021046.1_602	32.84	32.35	19.12	47.06	0.00
lcl|NC_014649.1_cds_YP_003987075.1_603	28.37	36.17	32.98	15.96	0.00
lcl|NC_014649.1_cds_YP_003987076.1_604	39.95	56.81	41.63	21.40	0.00
lcl|NC_014649.1_cds_YP_003987077.1_605	33.44	39.75	39.44	21.12	0.00
lcl|NC_014649.1_cds_YP_003987078.1_606	29.67	39.55	29.79	19.69	0.00
lcl|NC_014649.1_cds_YP_003987079.1_607	28.26	40.58	30.43	13.77	0.00
lcl|NC_014649.1_cds_YP_003987080.1_608	34.46	46.33	38.98	18.08	0.00
lcl|NC_014649.1_cds_YP_003987081.1_609	34.96	41.46	36.59	26.83	0.00
lcl|NC_014649.1_cds_YP_003987082.1_610	25.32	37.70	18.58	19.67	0.00
lcl|NC_014649.1_cds_YP_003987083.1_611	33.85	48.29	30.53	22.74	0.00
lcl|NC_014649.1_cds_YP_003987084.1_612	26.97	35.95	25.68	19.28	0.00
lcl|NC_014649.1_cds_YP_003987085.1_613	25.13	29.84	26.61	18.95	0.00
lcl|NC_014649.1_cds_YP_003987086.1_614	28.41	35.23	29.53	20.47	0.00
lcl|NC_014649.1_cds_YP_003987087.1_615	31.14	38.68	29.01	25.72	0.00
lcl|NC_014649.1_cds_YP_003987088.1_616	24.00	34.04	23.76	14.18	0.00
lcl|NC_014649.1_cds_YP_003987089.1_617	24.10	31.65	24.10	16.55	0.00
lcl|NC_014649.1_cds_YP_003987090.1_618	27.27	33.45	27.64	20.73	0.00
lcl|NC_014649.1_cds_YP_003987091.1_619	26.11	37.00	25.33	16.00	0.00
lcl|NC_014649.1_cds_YP_003987092.1_620	26.03	31.43	22.86	23.81	0.00
lcl|NC_014649.1_cds_YP_003987093.1_621	26.80	35.71	26.27	18.43	0.00
lcl|NC_014649.1_cds_YP_003987094.1_622	25.93	36.42	25.22	16.16	0.00
lcl|NC_014649.1_cds_YP_003987095.1_623	25.30	32.62	24.31	18.98	0.00
lcl|NC_014649.1_cds_YP_003987096.1_624	28.67	34.32	29.48	22.21	0.00
lcl|NC_014649.1_cds_YP_003987097.1_625	27.96	42.22	22.78	18.89	0.00
lcl|NC_014649.1_cds_YP_003987098.1_626	25.08	40.95	17.14	17.14	0.00
lcl|NC_014649.1_cds_YP_003987099.1_627	33.17	41.18	39.46	18.87	0.00
lcl|NC_014649.1_cds_YP_003987100.1_628	44.44	52.78	60.19	20.37	0.00
lcl|NC_014649.1_cds_YP_003987101.1_629	36.22	30.77	55.77	22.12	0.00
lcl|NC_014649.1_cds_YP_003987102.1_630	41.88	46.60	35.60	43.46	0.00
lcl|NC_014649.1_cds_YP_003987103.1_631	34.34	46.23	38.44	18.34	0.00
lcl|NC_014649.1_cds_YP_003987104.1_632	30.06	35.27	29.09	25.82	0.00
lcl|NC_014649.1_cds_YP_003987105.1_633	34.68	42.42	31.31	30.30	0.00
lcl|NC_014649.1_cds_YP_003987106.1_634	31.03	41.15	35.00	16.92	0.00
lcl|NC_014649.1_cds_YP_003987107.1_635	30.40	39.43	30.64	21.14	0.00
lcl|NC_014649.1_cds_YP_003987108.1_636	28.67	38.68	30.86	16.46	0.00
lcl|NC_014649.1_cds_YP_003987109.1_637	26.00	33.25	26.85	17.90	0.00
lcl|NC_014649.1_cds_YP_003987110.1_638	26.10	32.88	26.78	18.64	0.00
lcl|NC_014649.1_cds_YP_003987111.1_639	32.86	39.44	30.99	28.17	0.00
lcl|NC_014649.1_cds_YP_003987112.1_640	31.97	40.61	35.15	20.14	0.00
lcl|NC_014649.1_cds_YP_003987113.1_641	22.91	34.18	18.55	16.00	0.00
lcl|NC_014649.1_cds_YP_003987114.1_642	26.23	38.03	24.26	16.39	0.00
lcl|NC_014649.1_cds_YP_003987115.1_643	25.90	34.34	25.30	18.07	0.00
lcl|NC_014649.1_cds_YP_003987116.1_644	27.22	38.29	26.90	16.46	0.00
lcl|NC_014649.1_cds_YP_003987117.1_645	27.52	37.83	26.64	18.09	0.00
lcl|NC_014649.1_cds_YP_003987118.1_646	27.76	38.03	27.54	17.70	0.00
lcl|NC_014649.1_cds_YP_003987119.1_647	25.48	34.19	25.48	16.77	0.00
lcl|NC_014649.1_cds_YP_003987120.1_648	31.53	47.94	29.38	17.27	0.00
lcl|NC_014649.1_cds_YP_003987121.1_649	28.82	34.38	33.33	18.75	0.00
lcl|NC_014649.1_cds_YP_003987122.1_650	32.06	42.98	35.74	17.45	0.00
lcl|NC_014649.1_cds_YP_003987123.1_651	25.31	27.27	26.74	21.93	0.00
lcl|NC_014649.1_cds_YP_003987124.1_652	26.20	35.12	25.42	18.06	0.00
lcl|NC_014649.1_cds_YP_004021047.1_653	32.29	18.75	25.00	53.12	0.00
lcl|NC_014649.1_cds_YP_003987125.1_654	26.86	34.82	27.94	17.81	0.00
lcl|NC_014649.1_cds_YP_003987126.1_655	26.35	36.51	27.62	14.92	0.00
lcl|NC_014649.1_cds_YP_003987127.1_656	41.14	54.65	53.15	15.62	0.00
lcl|NC_014649.1_cds_YP_003987128.1_657	32.39	43.99	31.97	21.21	0.00
lcl|NC_014649.1_cds_YP_003987129.1_658	31.68	45.96	33.54	15.53	0.00
lcl|NC_014649.1_cds_YP_003987130.1_659	28.17	33.07	30.49	20.93	0.00
lcl|NC_014649.1_cds_YP_003987131.1_660	31.58	44.08	35.20	15.46	0.00
lcl|NC_014649.1_cds_YP_003987132.1_661	26.69	36.04	24.79	19.23	0.00
lcl|NC_014649.1_cds_YP_003987133.1_662	41.62	47.18	32.77	44.92	0.00
lcl|NC_014649.1_cds_YP_003987134.1_663	30.99	43.86	29.24	19.88	0.00
lcl|NC_014649.1_cds_YP_003987135.1_664	24.73	31.53	23.61	19.06	0.00
lcl|NC_014649.1_cds_YP_003987136.1_665	29.60	39.70	32.95	16.14	0.00
lcl|NC_014649.1_cds_YP_003987137.1_666	26.09	34.32	28.69	15.28	0.00
lcl|NC_014649.1_cds_YP_003987138.1_667	25.44	33.43	24.51	18.38	0.00
lcl|NC_014649.1_cds_YP_003987139.1_668	25.51	34.27	26.76	15.49	0.00
lcl|NC_014649.1_cds_YP_003987140.1_669	36.42	48.89	42.22	18.15	0.00
lcl|NC_014649.1_cds_YP_003987141.1_670	30.01	37.42	33.89	18.71	0.00
lcl|NC_014649.1_cds_YP_003987142.1_671	28.34	34.76	26.74	23.53	0.00
lcl|NC_014649.1_cds_YP_003987143.1_672	23.53	26.47	23.53	20.59	0.00
lcl|NC_014649.1_cds_YP_003987144.1_673	27.89	34.17	27.83	21.67	0.00
lcl|NC_014649.1_cds_YP_003987145.1_674	28.68	38.91	34.11	13.02	0.00
lcl|NC_014649.1_cds_YP_003987146.1_675	23.20	35.20	19.20	15.20	0.00
lcl|NC_014649.1_cds_YP_003987147.1_676	27.45	36.84	29.72	15.79	0.00
lcl|NC_014649.1_cds_YP_003987148.1_677	31.51	41.79	30.85	21.89	0.00
lcl|NC_014649.1_cds_YP_003987149.1_678	30.61	42.27	35.45	14.09	0.00
lcl|NC_014649.1_cds_YP_003987150.1_679	28.05	37.27	30.12	16.77	0.00
lcl|NC_014649.1_cds_YP_003987151.1_680	33.00	39.50	43.00	16.50	0.00
lcl|NC_014649.1_cds_YP_003987152.1_681	56.28	52.46	78.69	37.70	0.00
lcl|NC_014649.1_cds_YP_003987153.1_682	30.05	41.07	29.57	19.51	0.00
lcl|NC_014649.1_cds_YP_003987154.1_683	32.11	39.61	37.41	19.32	0.00
lcl|NC_014649.1_cds_YP_003987155.1_684	32.39	39.44	36.62	21.13	0.00
lcl|NC_014649.1_cds_YP_003987156.1_685	27.34	36.96	26.33	18.73	0.00
lcl|NC_014649.1_cds_YP_003987157.1_686	26.11	33.76	26.75	17.83	0.00
lcl|NC_014649.1_cds_YP_003987158.1_687	25.43	34.07	20.00	22.22	0.00
lcl|NC_014649.1_cds_YP_003987159.1_688	30.43	41.02	33.39	16.88	0.00
lcl|NC_014649.1_cds_YP_003987160.1_689	31.76	41.43	38.23	15.63	0.00
lcl|NC_014649.1_cds_YP_003987161.1_690	29.80	38.64	26.89	23.86	0.00
lcl|NC_014649.1_cds_YP_003987162.1_691	26.03	37.08	20.79	20.22	0.00
lcl|NC_014649.1_cds_YP_003987163.1_692	44.38	53.87	65.75	13.54	0.00
lcl|NC_014649.1_cds_YP_003987164.1_693	27.08	37.50	27.08	16.67	0.00
lcl|NC_014649.1_cds_YP_003987165.1_694	29.25	35.29	35.29	17.16	0.00
lcl|NC_014649.1_cds_YP_003987166.1_695	36.98	42.34	50.36	18.25	0.00
lcl|NC_014649.1_cds_YP_003987167.1_696	40.66	52.75	47.80	21.43	0.00
lcl|NC_014649.1_cds_YP_003987168.1_697	36.41	48.13	43.14	17.96	0.00
lcl|NC_014649.1_cds_YP_003987169.1_698	26.24	34.75	24.47	19.50	0.00
lcl|NC_014649.1_cds_YP_003987170.1_699	27.35	39.74	20.51	21.79	0.00
lcl|NC_014649.1_cds_YP_003987171.1_700	25.45	34.52	24.35	17.49	0.00
lcl|NC_014649.1_cds_YP_003987172.1_701	29.76	38.66	30.16	20.45	0.00
lcl|NC_014649.1_cds_YP_003987173.1_702	24.74	32.86	24.08	17.28	0.00
lcl|NC_014649.1_cds_YP_003987174.1_703	30.99	40.35	34.21	18.42	0.00
lcl|NC_014649.1_cds_YP_003987175.1_704	25.79	33.11	27.12	17.14	0.00
lcl|NC_014649.1_cds_YP_003987176.1_705	31.49	45.54	29.23	19.69	0.00
lcl|NC_014649.1_cds_YP_003987177.1_706	37.93	49.70	39.96	24.14	0.00
lcl|NC_014649.1_cds_YP_003987178.1_707	26.34	39.02	25.37	14.63	0.00
lcl|NC_014649.1_cds_YP_003987179.1_708	27.12	35.42	28.23	17.71	0.00
lcl|NC_014649.1_cds_YP_003987180.1_709	39.29	48.48	43.16	26.24	0.00
lcl|NC_014649.1_cds_YP_003987181.1_710	27.38	40.58	24.64	16.91	0.00
lcl|NC_014649.1_cds_YP_003987182.1_711	26.33	33.79	28.31	16.89	0.00
lcl|NC_014649.1_cds_YP_003987183.1_712	23.21	30.36	26.79	12.50	0.00
lcl|NC_014649.1_cds_YP_003987184.1_713	29.59	39.31	30.02	19.44	0.00
lcl|NC_014649.1_cds_YP_003987185.1_714	26.62	34.11	26.12	19.63	0.00
lcl|NC_014649.1_cds_YP_003987186.1_715	26.38	37.42	22.70	19.02	0.00
lcl|NC_014649.1_cds_YP_003987187.1_716	31.84	42.74	34.40	18.38	0.00
lcl|NC_014649.1_cds_YP_003987188.1_717	22.35	30.16	22.62	14.29	0.00
lcl|NC_014649.1_cds_YP_003987189.1_718	27.33	34.67	29.33	18.00	0.00
lcl|NC_014649.1_cds_YP_003987190.1_719	33.57	45.39	44.31	11.02	0.00
lcl|NC_014649.1_cds_YP_003987191.1_720	37.58	50.46	46.59	15.69	0.00
lcl|NC_014649.1_cds_YP_003987192.1_721	26.36	33.70	26.48	18.89	0.00
lcl|NC_014649.1_cds_YP_003987193.1_722	27.67	33.99	33.33	15.69	0.00
lcl|NC_014649.1_cds_YP_003987194.1_723	33.33	43.75	35.71	20.54	0.00
lcl|NC_014649.1_cds_YP_003987195.1_724	26.07	33.33	28.75	16.12	0.00
lcl|NC_014649.1_cds_YP_003987196.1_725	30.85	50.75	17.91	23.88	0.00
lcl|NC_014649.1_cds_YP_003987197.1_726	24.40	34.76	21.27	17.18	0.00
lcl|NC_014649.1_cds_YP_003987198.1_727	33.19	41.23	27.48	30.87	0.00
lcl|NC_014649.1_cds_YP_003987199.1_728	26.10	28.92	28.31	21.08	0.00
lcl|NC_014649.1_cds_YP_003987200.1_729	22.95	21.31	21.31	26.23	0.00
lcl|NC_014649.1_cds_YP_003987201.1_730	25.40	29.52	21.90	24.76	0.00
lcl|NC_014649.1_cds_YP_003987202.1_731	26.82	34.38	25.78	20.31	0.00
lcl|NC_014649.1_cds_YP_003987203.1_732	25.95	32.66	28.63	16.55	0.00
lcl|NC_014649.1_cds_YP_003987204.1_733	19.94	16.07	23.21	20.54	0.00
lcl|NC_014649.1_cds_YP_003987205.1_734	25.22	28.95	25.66	21.05	0.00
lcl|NC_014649.1_cds_YP_003987206.1_735	22.88	17.65	31.37	19.61	0.00
lcl|NC_014649.1_cds_YP_003987207.1_736	28.70	39.13	32.17	14.78	0.00
lcl|NC_014649.1_cds_YP_003987208.1_737	27.20	38.12	23.77	19.73	0.00
lcl|NC_014649.1_cds_YP_003987209.1_738	25.38	33.74	22.22	20.16	0.00
lcl|NC_014649.1_cds_YP_003987210.1_739	25.39	27.98	23.32	24.87	0.00
lcl|NC_014649.1_cds_YP_003987211.1_740	25.05	31.95	23.96	19.23	0.00
lcl|NC_014649.1_cds_YP_003987212.1_741	52.02	49.77	37.91	68.37	0.00
lcl|NC_014649.1_cds_YP_003987213.1_742	37.73	52.27	32.73	28.18	0.00
lcl|NC_014649.1_cds_YP_003987214.1_743	29.41	38.37	31.12	18.73	0.00
lcl|NC_014649.1_cds_YP_003987215.1_744	36.01	40.08	54.01	13.92	0.00
lcl|NC_014649.1_cds_YP_003987216.1_745	26.43	38.28	25.00	16.02	0.00
lcl|NC_014649.1_cds_YP_003987217.1_746	34.76	46.13	41.60	16.53	0.00
lcl|NC_014649.1_cds_YP_003987218.1_747	27.05	37.32	26.09	17.75	0.00
lcl|NC_014649.1_cds_YP_004021048.1_748	26.50	20.51	20.51	38.46	0.00
lcl|NC_014649.1_cds_YP_003987219.1_749	32.02	39.44	34.37	22.25	0.00
lcl|NC_014649.1_cds_YP_003987220.1_750	29.78	42.00	31.33	16.00	0.00
lcl|NC_014649.1_cds_YP_003987221.1_751	28.57	33.04	34.82	17.86	0.00
lcl|NC_014649.1_cds_YP_003987222.1_752	31.98	45.95	35.81	14.19	0.00
lcl|NC_014649.1_cds_YP_003987223.1_753	29.62	33.12	34.39	21.34	0.00
lcl|NC_014649.1_cds_YP_003987224.1_754	28.65	31.25	34.38	20.31	0.00
lcl|NC_014649.1_cds_YP_003987225.1_755	24.47	36.97	19.15	17.29	0.00
lcl|NC_014649.1_cds_YP_003987226.1_756	30.79	37.87	33.55	20.93	0.00
lcl|NC_014649.1_cds_YP_003987227.1_757	29.97	42.54	26.75	20.61	0.00
lcl|NC_014649.1_cds_YP_003987228.1_758	27.45	36.32	25.12	20.90	0.00
lcl|NC_014649.1_cds_YP_003987229.1_759	31.70	36.27	48.53	10.29	0.00
lcl|NC_014649.1_cds_YP_003987230.1_760	25.14	32.68	24.58	18.17	0.00
lcl|NC_014649.1_cds_YP_003987231.1_761	25.49	30.88	22.06	23.53	0.00
lcl|NC_014649.1_cds_YP_003987232.1_762	26.15	34.63	24.20	19.61	0.00
lcl|NC_014649.1_cds_YP_003987233.1_763	48.30	51.91	67.20	25.80	0.00
lcl|NC_014649.1_cds_YP_003987234.1_764	26.05	35.39	23.28	19.48	0.00
lcl|NC_014649.1_cds_YP_003987235.1_765	26.48	34.04	26.60	18.79	0.00
lcl|NC_014649.1_cds_YP_003987236.1_766	29.92	40.00	30.24	19.51	0.00
lcl|NC_014649.1_cds_YP_003987237.1_767	32.56	40.87	41.65	15.17	0.00
lcl|NC_014649.1_cds_YP_003987238.1_768	35.90	45.13	39.49	23.08	0.00
lcl|NC_014649.1_cds_YP_003987239.1_769	27.05	33.43	26.14	21.58	0.00
lcl|NC_014649.1_cds_YP_003987240.1_770	30.38	39.17	28.44	23.54	0.00
lcl|NC_014649.1_cds_YP_003987241.1_771	23.92	30.30	24.36	17.09	0.00
lcl|NC_014649.1_cds_YP_003987242.1_772	23.72	31.16	22.33	17.67	0.00
lcl|NC_014649.1_cds_YP_003987243.1_773	32.47	43.10	40.52	13.79	0.00
lcl|NC_014649.1_cds_YP_003987244.1_774	24.64	37.68	21.38	14.86	0.00
lcl|NC_014649.1_cds_YP_003987245.1_775	27.35	35.92	24.27	21.84	0.00
lcl|NC_014649.1_cds_YP_003987246.1_776	27.54	33.33	28.02	21.26	0.00
lcl|NC_014649.1_cds_YP_003987247.1_777	26.46	35.88	32.06	11.45	0.00
lcl|NC_014649.1_cds_YP_003987248.1_778	34.50	44.19	45.64	13.66	0.00
lcl|NC_014649.1_cds_YP_003987249.1_779	28.51	33.02	30.19	22.33	0.00
lcl|NC_014649.1_cds_YP_003987250.1_780	29.52	44.65	28.41	15.50	0.00
lcl|NC_014649.1_cds_YP_003987251.1_781	31.35	43.64	34.36	16.04	0.00
lcl|NC_014649.1_cds_YP_003987252.1_782	26.46	43.50	21.52	14.35	0.00
lcl|NC_014649.1_cds_YP_003987253.1_783	37.29	42.92	44.75	24.20	0.00
lcl|NC_014649.1_cds_YP_003987254.1_784	37.63	49.33	34.22	29.33	0.00
lcl|NC_014649.1_cds_YP_003987255.1_785	23.72	33.74	23.31	14.11	0.00
lcl|NC_014649.1_cds_YP_003987256.1_786	35.20	44.56	35.44	25.61	0.00
lcl|NC_014649.1_cds_YP_003987257.1_787	31.70	39.79	35.78	19.55	0.00
lcl|NC_014649.1_cds_YP_003987258.1_788	27.23	37.09	25.82	18.78	0.00
lcl|NC_014649.1_cds_YP_003987259.1_789	27.76	37.35	28.26	17.69	0.00
lcl|NC_014649.1_cds_YP_003987260.1_790	24.86	33.72	24.28	16.57	0.00
lcl|NC_014649.1_cds_YP_003987261.1_791	27.34	35.98	28.57	17.46	0.00
lcl|NC_014649.1_cds_YP_003987262.1_792	27.77	33.58	28.89	20.83	0.00
lcl|NC_014649.1_cds_YP_003987263.1_793	25.42	32.16	24.04	20.06	0.00
lcl|NC_014649.1_cds_YP_003987264.1_794	30.72	39.15	29.08	23.94	0.00
lcl|NC_014649.1_cds_YP_003987265.1_795	28.17	35.21	23.94	25.35	0.00
lcl|NC_014649.1_cds_YP_003987266.1_796	33.87	41.37	37.35	22.89	0.00
lcl|NC_014649.1_cds_YP_003987267.1_797	25.03	33.13	24.10	17.87	0.00
lcl|NC_014649.1_cds_YP_003987268.1_798	26.54	33.20	28.51	17.92	0.00
lcl|NC_014649.1_cds_YP_003987269.1_799	33.33	41.49	37.77	20.74	0.00
lcl|NC_014649.1_cds_YP_003987270.1_800	25.50	36.61	16.39	23.50	0.00
lcl|NC_014649.1_cds_YP_003987271.1_801	25.61	39.02	20.73	17.07	0.00
lcl|NC_014649.1_cds_YP_003987272.1_802	24.81	30.00	27.11	17.33	0.00
lcl|NC_014649.1_cds_YP_003987273.1_803	27.63	34.87	25.00	23.03	0.00
lcl|NC_014649.1_cds_YP_003987274.1_804	24.23	32.42	22.18	18.09	0.00
lcl|NC_014649.1_cds_YP_003987275.1_805	29.32	33.33	30.56	24.07	0.00
lcl|NC_014649.1_cds_YP_003987276.1_806	27.04	37.06	21.68	22.38	0.00
lcl|NC_014649.1_cds_YP_003987277.1_807	25.40	33.49	25.63	17.08	0.00
lcl|NC_014649.1_cds_YP_003987278.1_808	33.04	49.78	31.56	17.78	0.00
lcl|NC_014649.1_cds_YP_003987279.1_809	28.61	37.46	23.60	24.78	0.00
lcl|NC_014649.1_cds_YP_003987280.1_810	23.78	38.00	18.00	15.33	0.00
lcl|NC_014649.1_cds_YP_003987281.1_811	31.17	39.81	31.48	22.22	0.00
lcl|NC_014649.1_cds_YP_003987282.1_812	26.82	32.18	30.19	18.09	0.00
lcl|NC_014649.1_cds_YP_003987283.1_813	32.25	36.96	36.96	22.83	0.00
lcl|NC_014649.1_cds_YP_003987284.1_814	25.77	30.58	24.74	21.99	0.00
lcl|NC_014649.1_cds_YP_003987285.1_815	26.21	38.17	24.43	16.03	0.00
lcl|NC_014649.1_cds_YP_003987286.1_816	31.22	40.80	30.43	22.41	0.00
lcl|NC_014649.1_cds_YP_003987287.1_817	26.98	33.03	28.88	19.05	0.00
lcl|NC_014649.1_cds_YP_003987288.1_818	27.72	35.87	28.26	19.02	0.00
lcl|NC_014649.1_cds_YP_003987289.1_819	29.03	37.79	29.95	19.35	0.00
lcl|NC_014649.1_cds_YP_003987290.1_820	29.22	40.44	28.09	19.12	0.00
lcl|NC_014649.1_cds_YP_003987291.1_821	26.04	33.12	25.00	20.00	0.00
lcl|NC_014649.1_cds_YP_003987292.1_822	29.89	38.10	34.13	17.46	0.00
lcl|NC_014649.1_cds_YP_003987293.1_823	26.49	33.46	29.28	16.73	0.00
lcl|NC_014649.1_cds_YP_003987294.1_824	23.10	33.49	18.21	17.59	0.00
lcl|NC_014649.1_cds_YP_003987295.1_825	25.95	32.70	25.32	19.83	0.00
lcl|NC_014649.1_cds_YP_003987296.1_826	23.39	28.89	21.35	19.94	0.00
lcl|NC_014649.1_cds_YP_003987297.1_827	23.33	29.38	20.70	19.91	0.00
lcl|NC_014649.1_cds_YP_003987298.1_828	24.24	31.58	22.01	19.14	0.00
lcl|NC_014649.1_cds_YP_003987299.1_829	24.48	31.80	20.99	20.67	0.00
lcl|NC_014649.1_cds_YP_003987300.1_830	23.93	33.33	21.79	16.67	0.00
lcl|NC_014649.1_cds_YP_003987301.1_831	30.65	33.78	33.40	24.76	0.00
lcl|NC_014649.1_cds_YP_003987302.1_832	31.06	40.84	28.27	24.08	0.00
lcl|NC_014649.1_cds_YP_003987303.1_833	27.36	34.80	25.00	22.30	0.00
lcl|NC_014649.1_cds_YP_003987304.1_834	29.05	35.31	28.37	23.47	0.00
lcl|NC_014649.1_cds_YP_003987305.1_835	24.82	35.49	21.61	17.35	0.00
lcl|NC_014649.1_cds_YP_003987306.1_836	32.84	36.76	43.14	18.63	0.00
lcl|NC_014649.1_cds_YP_003987307.1_837	29.25	35.57	32.07	20.12	0.00
lcl|NC_014649.1_cds_YP_003987308.1_838	37.65	38.82	55.29	18.82	0.00
lcl|NC_014649.1_cds_YP_003987309.1_839	29.30	43.14	29.74	15.03	0.00
lcl|NC_014649.1_cds_YP_003987310.1_840	29.97	33.33	38.37	18.22	0.00
lcl|NC_014649.1_cds_YP_003987311.1_841	29.17	39.42	26.92	21.15	0.00
lcl|NC_014649.1_cds_YP_003987312.1_842	32.53	42.07	34.14	21.38	0.00
lcl|NC_014649.1_cds_YP_003987313.1_843	28.51	38.82	33.55	13.16	0.00
lcl|NC_014649.1_cds_YP_003987314.1_844	27.68	39.83	24.58	18.64	0.00
lcl|NC_014649.1_cds_YP_003987315.1_845	26.60	32.57	27.24	20.00	0.00
lcl|NC_014649.1_cds_YP_003987316.1_846	26.42	32.49	26.50	20.28	0.00
lcl|NC_014649.1_cds_YP_003987317.1_847	24.46	34.86	17.43	21.10	0.00
lcl|NC_014649.1_cds_YP_003987318.1_848	26.77	30.83	28.40	21.10	0.00
lcl|NC_014649.1_cds_YP_003987319.1_849	30.06	41.10	31.28	17.81	0.00
lcl|NC_014649.1_cds_YP_003987320.1_850	26.52	32.87	25.25	21.44	0.00
lcl|NC_014649.1_cds_YP_003987321.1_851	29.79	41.61	29.55	18.20	0.00
lcl|NC_014649.1_cds_YP_003987322.1_852	26.92	32.05	19.23	29.49	0.00
lcl|NC_014649.1_cds_YP_003987323.1_853	27.31	40.28	23.26	18.40	0.00
lcl|NC_014649.1_cds_YP_003987324.1_854	29.69	40.17	28.38	20.52	0.00
lcl|NC_014649.1_cds_YP_003987325.1_855	28.59	34.67	31.11	20.00	0.00
lcl|NC_014649.1_cds_YP_004021049.1_856	24.56	26.32	17.54	29.82	0.00
lcl|NC_014649.1_cds_YP_003987326.1_857	25.75	30.96	26.03	20.27	0.00
lcl|NC_014649.1_cds_YP_003987327.1_858	31.25	37.83	30.43	25.50	0.00
lcl|NC_014649.1_cds_YP_003987328.1_859	31.93	39.16	37.06	19.58	0.00
lcl|NC_014649.1_cds_YP_003987329.1_860	25.49	34.08	23.32	19.06	0.00
lcl|NC_014649.1_cds_YP_003987330.1_861	30.15	37.40	32.82	20.23	0.00
lcl|NC_014649.1_cds_YP_003987331.1_862	30.20	37.13	31.68	21.78	0.00
lcl|NC_014649.1_cds_YP_003987332.1_863	28.41	37.39	33.04	14.78	0.00
lcl|NC_014649.1_cds_YP_003987333.1_864	26.77	30.30	27.27	22.73	0.00
lcl|NC_014649.1_cds_YP_003987334.1_865	31.99	43.55	33.87	18.55	0.00
lcl|NC_014649.1_cds_YP_003987335.1_866	29.10	43.44	29.92	13.93	0.00
lcl|NC_014649.1_cds_YP_003987336.1_867	22.99	25.13	27.27	16.58	0.00
lcl|NC_014649.1_cds_YP_003987337.1_868	29.19	38.86	30.57	18.13	0.00
lcl|NC_014649.1_cds_YP_003987338.1_869	31.19	34.86	34.86	23.85	0.00
lcl|NC_014649.1_cds_YP_003987339.1_870	30.28	35.94	35.49	19.42	0.00
lcl|NC_014649.1_cds_YP_003987340.1_871	32.07	42.68	31.55	21.97	0.00
lcl|NC_014649.1_cds_YP_003987341.1_872	27.54	33.91	27.83	20.87	0.00
lcl|NC_014649.1_cds_YP_003987342.1_873	25.94	33.49	26.42	17.92	0.00
lcl|NC_014649.1_cds_YP_003987343.1_874	33.23	41.98	35.42	22.30	0.00
lcl|NC_014649.1_cds_YP_003987344.1_875	29.77	39.62	32.08	17.61	0.00
lcl|NC_014649.1_cds_YP_003987345.1_876	29.77	34.95	29.13	25.24	0.00
lcl|NC_014649.1_cds_YP_003987346.1_877	28.21	35.95	28.10	20.59	0.00
lcl|NC_014649.1_cds_YP_003987347.1_878	26.86	30.68	29.57	20.33	0.00
lcl|NC_014649.1_cds_YP_003987348.1_879	31.20	46.80	26.60	20.20	0.00
lcl|NC_014649.1_cds_YP_003987349.1_880	32.63	41.96	29.37	26.57	0.00
lcl|NC_014649.1_cds_YP_003987350.1_881	32.59	40.92	37.17	19.67	0.00
lcl|NC_014649.1_cds_YP_003987351.1_882	29.61	41.00	24.37	23.46	0.00
lcl|NC_014649.1_cds_YP_003987352.1_883	34.99	41.32	32.23	31.40	0.00
lcl|NC_014649.1_cds_YP_003987353.1_884	30.04	40.75	27.83	21.54	0.00
lcl|NC_014649.1_cds_YP_003987354.1_885	30.47	37.46	29.04	24.91	0.00
lcl|NC_014649.1_cds_YP_003987355.1_886	29.01	39.81	31.79	15.43	0.00
lcl|NC_014649.1_cds_YP_003987356.1_887	29.73	42.79	27.48	18.92	0.00
lcl|NC_014649.1_cds_YP_003987357.1_888	27.88	34.29	26.92	22.44	0.00
lcl|NC_014649.1_cds_YP_003987358.1_889	35.46	42.64	36.37	27.38	0.00
lcl|NC_014649.1_cds_YP_003987359.1_890	34.00	46.31	28.86	26.85	0.00
lcl|NC_014649.1_cds_YP_003987360.1_891	28.53	42.40	21.60	21.60	0.00
lcl|NC_014649.1_cds_YP_003987361.1_892	35.02	44.30	34.18	26.58	0.00
lcl|NC_014649.1_cds_YP_003987362.1_893	33.64	45.62	38.71	16.59	0.00
lcl|NC_014649.1_cds_YP_003987363.1_894	25.94	34.10	23.64	20.08	0.00
lcl|NC_014649.1_cds_YP_003987364.1_895	34.42	42.65	35.26	25.35	0.00
lcl|NC_014649.1_cds_YP_003987365.1_896	38.39	51.08	41.34	22.74	0.00
lcl|NC_014649.1_cds_YP_003987366.1_897	24.21	34.22	20.91	17.49	0.00
lcl|NC_014649.1_cds_YP_003987367.1_898	27.83	39.48	22.98	21.04	0.00
lcl|NC_014649.1_cds_YP_003987368.1_899	28.19	35.57	31.54	17.45	0.00
lcl|NC_014649.1_cds_YP_003987369.1_900	24.72	34.45	23.60	16.11	0.00
lcl|NC_014649.1_cds_YP_003987370.1_901	32.01	45.49	31.77	18.77	0.00
lcl|NC_014649.1_cds_YP_003987371.1_902	25.33	30.35	25.55	20.09	0.00
lcl|NC_014649.1_cds_YP_003987372.1_903	29.79	44.59	30.74	14.04	0.00
lcl|NC_014649.1_cds_YP_003987373.1_904	24.81	32.23	24.25	17.94	0.00
lcl|NC_014649.1_cds_YP_003987374.1_905	24.55	31.49	22.77	19.41	0.00
lcl|NC_014649.1_cds_YP_003987375.1_906	28.57	28.57	37.50	19.64	0.00
lcl|NC_014649.1_cds_YP_003987376.1_907	28.86	37.70	30.67	18.21	0.00
lcl|NC_014649.1_cds_YP_003987377.1_908	32.20	48.07	30.84	17.69	0.00
lcl|NC_014649.1_cds_YP_003987378.1_909	27.68	40.35	20.47	22.22	0.00
lcl|NC_014649.1_cds_YP_003987379.1_910	27.88	42.31	27.31	14.04	0.00
lcl|NC_014649.1_cds_YP_003987380.1_911	25.35	33.80	23.24	19.01	0.00
lcl|NC_014649.1_cds_YP_003987381.1_912	25.27	30.75	23.98	21.08	0.00
lcl|NC_014649.1_cds_YP_003987382.1_913	35.31	43.56	41.58	20.79	0.00
lcl|NC_014649.1_cds_YP_003987466.1_914	27.92	37.06	25.38	21.32	0.00
lcl|NC_014649.1_cds_YP_003987385.1_915	31.31	34.09	33.71	26.14	0.00
lcl|NC_014649.1_cds_YP_003987386.1_916	27.96	29.84	27.42	26.61	0.00
lcl|NC_014649.1_cds_YP_003987387.1_917	28.47	39.94	25.07	20.41	0.00
lcl|NC_014649.1_cds_YP_003987388.1_918	28.55	41.44	27.62	16.57	0.00
lcl|NC_014649.1_cds_YP_003987389.1_919	25.96	31.29	26.82	19.76	0.00
lcl|NC_014649.1_cds_YP_003987390.1_920	40.51	44.94	30.38	46.20	0.00
lcl|NC_014649.1_cds_YP_003987391.1_921	28.66	37.38	29.91	18.69	0.00
lcl|NC_014649.1_cds_YP_003987392.1_922	26.29	35.21	22.07	21.60	0.00
lcl|NC_014649.1_cds_YP_003987393.1_923	28.75	39.69	25.00	21.56	0.00
lcl|NC_014649.1_cds_YP_003987394.1_924	33.66	49.51	31.26	20.19	0.00
lcl|NC_014649.1_cds_YP_003987395.1_925	32.22	46.33	28.67	21.67	0.00
lcl|NC_014649.1_cds_YP_003987396.1_926	25.16	16.98	30.19	28.30	0.00
lcl|NC_014649.1_cds_YP_003987397.1_927	26.55	35.10	25.81	18.73	0.00
lcl|NC_014649.1_cds_YP_003987398.1_928	24.85	32.41	25.93	16.20	0.00
lcl|NC_014649.1_cds_YP_003987399.1_929	25.27	30.24	26.21	19.35	0.00
lcl|NC_014649.1_cds_YP_003987400.1_930	39.29	36.90	28.57	52.38	0.00
lcl|NC_014649.1_cds_YP_003987401.1_931	28.22	36.63	26.73	21.29	0.00
lcl|NC_014649.1_cds_YP_003987402.1_932	27.82	40.29	24.46	18.71	0.00
lcl|NC_014649.1_cds_YP_003987403.1_933	25.05	31.64	21.47	22.03	0.00
lcl|NC_014649.1_cds_YP_003987404.1_934	30.77	41.54	38.46	12.31	0.00
lcl|NC_014649.1_cds_YP_003987405.1_935	36.06	39.32	41.81	27.05	0.00
lcl|NC_014649.1_cds_YP_003987406.1_936	23.38	29.87	23.38	16.88	0.00
lcl|NC_014649.1_cds_YP_003987407.1_937	25.22	29.33	29.03	17.30	0.00
lcl|NC_014649.1_cds_YP_003987408.1_938	31.20	48.83	30.06	14.71	0.00
lcl|NC_014649.1_cds_YP_003987409.1_939	31.84	37.99	29.61	27.93	0.00
lcl|NC_014649.1_cds_YP_003987410.1_940	28.96	45.45	22.73	18.69	0.00
lcl|NC_014649.1_cds_YP_003987411.1_941	22.95	29.47	18.60	20.77	0.00
lcl|NC_014649.1_cds_YP_003987412.1_942	26.86	34.12	34.71	11.76	0.00
lcl|NC_014649.1_cds_YP_003987413.1_943	25.77	33.61	26.89	16.81	0.00
lcl|NC_014649.1_cds_YP_004021050.1_944	30.14	24.66	17.81	47.95	0.00
lcl|NC_014649.1_cds_YP_003987414.1_945	27.44	34.00	26.67	21.67	0.00
lcl|NC_014649.1_cds_YP_003987415.1_946	27.08	35.55	26.56	19.14	0.00
lcl|NC_014649.1_cds_YP_003987416.1_947	31.97	36.22	39.29	20.41	0.00
lcl|NC_014649.1_cds_YP_003987417.1_948	23.93	28.76	24.30	18.74	0.00
lcl|NC_014649.1_cds_YP_003987418.1_949	28.11	36.20	26.71	21.41	0.00
lcl|NC_014649.1_cds_YP_003987419.1_950	25.72	31.48	26.23	19.44	0.00
lcl|NC_014649.1_cds_YP_003987420.1_951	25.75	33.79	20.69	22.76	0.00
lcl|NC_014649.1_cds_YP_003987421.1_952	23.03	27.11	28.10	13.88	0.00
lcl|NC_014649.1_cds_YP_003987422.1_953	23.41	30.88	25.00	14.34	0.00
lcl|NC_014649.1_cds_YP_003987423.1_954	23.19	33.04	21.74	14.78	0.00
lcl|NC_014649.1_cds_YP_003987424.1_955	28.91	35.91	33.70	17.13	0.00
lcl|NC_014649.1_cds_YP_003987425.1_956	28.57	30.48	37.14	18.10	0.00
lcl|NC_014649.1_cds_YP_003987426.1_957	30.86	35.19	37.04	20.37	0.00
lcl|NC_014649.1_cds_YP_003987467.1_958	36.13	50.21	42.39	15.79	0.00
lcl|NC_014649.1_cds_YP_003987429.1_959	33.43	43.92	36.48	19.89	0.00
lcl|NC_014649.1_cds_YP_003987430.1_960	29.93	42.04	30.63	17.12	0.00
lcl|NC_014649.1_cds_YP_003987431.1_961	24.66	32.20	19.20	22.60	0.00
lcl|NC_014649.1_cds_YP_003987432.1_962	24.09	33.66	22.77	15.84	0.00
lcl|NC_014649.1_cds_YP_003987433.1_963	25.51	35.80	29.01	11.73	0.00
lcl|NC_014649.1_cds_YP_003987434.1_964	26.80	27.45	32.35	20.59	0.00
lcl|NC_014649.1_cds_YP_003987435.1_965	31.77	47.79	31.22	16.30	0.00
lcl|NC_014649.1_cds_YP_003987436.1_966	22.27	27.57	18.22	21.03	0.00
lcl|NC_014649.1_cds_YP_003987437.1_967	25.14	36.34	23.22	15.85	0.00
lcl|NC_014649.1_cds_YP_003987438.1_968	26.94	34.30	27.03	19.48	0.00
lcl|NC_014649.1_cds_YP_003987439.1_969	28.28	38.86	25.12	20.85	0.00
lcl|NC_014649.1_cds_YP_003987440.1_970	34.60	45.17	41.38	17.24	0.00
lcl|NC_014649.1_cds_YP_003987441.1_971	26.23	37.56	22.34	18.78	0.00
lcl|NC_014649.1_cds_YP_003987442.1_972	28.07	32.33	35.34	16.54	0.00
lcl|NC_014649.1_cds_YP_003987443.1_973	29.63	41.27	20.63	26.98	0.00
lcl|NC_014649.1_cds_YP_003987444.1_974	25.46	31.48	23.84	21.06	0.00
lcl|NC_014649.1_cds_YP_003987445.1_975	32.07	37.91	28.91	29.38	0.00
lcl|NC_014649.1_cds_YP_003987446.1_976	28.42	40.98	31.15	13.11	0.00
lcl|NC_014649.1_cds_YP_003987447.1_977	32.69	52.14	30.98	14.96	0.00
lcl|NC_014649.1_cds_YP_003987448.1_978	28.33	31.67	28.33	25.00	0.00
lcl|NC_014649.1_cds_YP_003987449.1_979	25.69	29.17	31.25	16.67	0.00
